1,A*02:01,A*11:01,B*18:01,B*40:01,C*03:04,C*05:01,DRB1*04:04,DRB1*03:01:01
2,A*03:01,A*26:01,B*07:02,B*35:01,C*04:01,C*07:02,DRB1*01:01,DRB1*04:04
3,A*24:02,A*11:01,B*08:01,B*44:02,C*05:01,C*07:01:01,DRB1*04:01:01,DRB1*03:01:01
4,A*68:01:02,A*29:02,B*07:02,B*40:01,C*03:04,C*07:02,DRB1*15:01:01,DRB1*04:01:01
5,A*01:01,A*01:01,B*08:01,B*57:01,C*06:02,C*07:01:01,DRB1*07:01:01,DRB1*13:01
6,A*03:01,A*25:01,B*07:02,B*27:05,C*01:02,C*07:02,DRB1*15:01:01,DRB1*01:03
7,A*30:01,A*30:02,B*14:02,B*18:01,C*08:02,C*05:01,DRB1*01:01,DRB1*03:01:01
8,A*01:01,A*30:02,B*44:02,B*14:01,C*05:01,C*08:02,DRB1*11:03,DRB1*07:01:01
9,A*01:01,A*24:02,B*08:01,B*35:01,C*04:01,C*07:01:01,DRB1*01:03,DRB1*03:01:01
10,A*02:01,A*02:01,B*51:01,B*44:02,C*05:01,C*14:02,DRB1*04:01:01,DRB1*08:01
11,A*02:01,A*02:01,B*44:02,B*18:01,C*05:01,C*07:01:01,DRB1*11:04,DRB1*01:01
12,A*02:01,A*02:01,B*40:01,B*40:01,C*03:04,C*03:04,DRB1*15:01:01,DRB1*04:01:01
13,A*02:01,A*29:02,B*08:01,B*44:03,C*07:01:01,C*16:01,DRB1*07:01:01,DRB1*03:01:01
14,A*01:01,A*32:01,B*08:01,B*57:01,C*06:02,C*07:01:01,DRB1*03:01:01,DRB1*07:01:01
15,A*30:01,A*30:02,B*08:01,B*35:01,C*04:01,C*07:01:01,DRB1*03:01:01,DRB1*01:01
16,A*26:01,A*26:01,B*15:01,B*15:18,C*03:03,C*07:04,DRB1*01:01,DRB1*14:01
17,A*02:01,A*03:01,B*07:02,B*35:01,C*04:01,C*07:02,DRB1*15:01:01,DRB1*15:01:01
18,A*02:01,A*32:01,B*44:02,B*27:05,C*01:02,C*05:01,DRB1*04:01:01,DRB1*08:01
19,A*01:01,A*29:02,B*07:02,B*44:03,C*07:02,C*16:01,DRB1*15:01:01,DRB1*07:01:01
20,A*01:01,A*31:01:02,B*08:01,B*40:01,C*03:04,C*07:01:01,DRB1*04:04,DRB1*03:01:01
21,A*02:01,A*29:02,B*44:03,B*40:01,C*03:04,C*16:01,DRB1*07:01:01,DRB1*13:02
22,A*01:01,A*01:01,B*44:03,B*39:01,C*12:03,C*16:01,DRB1*07:01:01,DRB1*08:01
23,A*26:01,A*29:02,B*44:02,B*45:01,C*05:01,C*06:02,DRB1*04:01:01,DRB1*04:01:01
24,A*02:01,A*02:01,B*44:02,B*40:01,C*01:02,C*03:04,DRB1*04:01:01,DRB1*08:01
25,A*11:01,A*29:02,B*07:02,B*08:01,C*07:02,C*07:01:01,DRB1*15:01:01,DRB1*03:01:01
26,A*02:01,A*02:01,B*15:01,B*39:01,C*03:03,C*12:03,DRB1*04:01:01,DRB1*01:01
27,A*02:01,A*24:02,B*51:01,B*57:01,C*06:02,C*16:02,DRB1*01:01,DRB1*07:01:01
28,A*01:01,A*01:01,B*08:01,B*08:01,C*07:01:01,C*07:01:01,DRB1*07:01:01,DRB1*03:01:01
29,A*02:01,A*26:08,B*07:02,B*44:02,C*05:01,C*07:02,DRB1*15:01:01,DRB1*08:01
30,A*30:01,A*31:01:02,B*13:02,B*40:01,C*03:04,C*06:02,DRB1*04:04,DRB1*07:01:01
31,A*03:01,A*24:02,B*07:02,B*15:17,C*07:02,C*07:01:01,DRB1*15:01:01,DRB1*13:02
32,A*24:02,A*29:02,B*07:02,B*55:01,C*03:03,C*07:02,DRB1*15:01:01,DRB1*13:01
33,A*02:01,A*32:01,B*44:02,B*14:01,C*08:02,C*05:01,DRB1*15:01:01,DRB1*04:01:01
34,A*02:01,A*30:01,B*44:02,B*13:02,C*06:02,C*07:02,DRB1*07:01:01,DRB1*03:01:01
35,A*02:01,A*31:01:02,B*45:01,B*13:02,C*06:02,C*06:02,DRB1*04:01:01,DRB1*07:01:01
36,A*03:01,A*03:01,B*07:02,B*07:02,C*07:02,C*07:02,DRB1*15:01:01,DRB1*15:01:01
37,A*02:01,A*25:01,B*07:02,B*44:02,C*05:01,C*07:02,DRB1*04:01:01,DRB1*11:01
38,A*02:01,A*03:01,B*07:02,B*07:02,C*07:02,C*07:02,DRB1*01:01,DRB1*14:01
39,A*01:01,A*24:02,B*44:02,B*44:02,C*05:01,C*05:01,DRB1*04:01:01,DRB1*13:01
40,A*01:01,A*03:01,B*39:01,B*37:01,C*06:02,C*12:03,DRB1*16:01:01,DRB1*07:01:01
41,A*02:01,A*24:02,B*07:02,B*08:01,C*07:02,C*07:01:01,DRB1*15:01:01,DRB1*03:01:01
42,A*02:01,A*03:01,B*39:06,B*50:01,C*07:02,C*06:02,DRB1*08:01,DRB1*01:02:01
43,A*02:01,A*03:01,B*07:02,B*44:02,C*05:01,C*07:02,DRB1*04:01:01,DRB1*01:03
44,A*02:01,A*11:01,B*44:02,B*27:05,C*01:02,C*05:01,DRB1*15:01:01,DRB1*01:01
45,A*01:01,A*31:01:02,B*57:01,B*40:01,C*03:04,C*06:02,DRB1*15:01:01,DRB1*07:01:01
46,A*02:01,A*68:02,B*44:02,B*14:02,C*05:01,C*08:02,DRB1*04:01:01,DRB1*13:03
47,A*02:01,A*11:01,B*15:01,B*35:01,C*04:01,C*04:01,DRB1*01:01,DRB1*08:02
48,A*01:01,A*03:01,B*07:02,B*40:01,C*03:04,C*07:02,DRB1*15:01:01,DRB1*04:01:01
49,A*02:01,A*24:02,B*44:02,B*15:07,C*03:03,C*05:01,DRB1*04:01:01,DRB1*04:04
50,A*02:05,A*03:01,B*14:02,B*50:01,C*06:02,C*08:02,DRB1*04:04,DRB1*07:01:01
51,A*01:01,A*30:04,B*57:01,B*57:02,C*06:02,C*07:01:01,DRB1*13:03,DRB1*01:01
52,A*02:01,A*32:01,B*49:01,B*27:05,C*01:02,C*07:01:01,DRB1*15:01:01,DRB1*01:01
53,A*25:01,A*33:01,B*14:02,B*55:01,C*03:03,C*08:02,DRB1*04:01:01,DRB1*01:01
54,A*01:01,A*29:02,B*08:01,B*15:01,C*01:02,C*07:01:01,DRB1*03:01:01,DRB1*13:02
55,A*02:01,A*24:02,B*08:01,B*35:01,C*04:01,C*07:01:01,DRB1*15:01:01,DRB1*03:01:01
56,A*01:01,A*03:01,B*07:02,B*08:01,C*07:02,C*07:01:01,DRB1*15:01:01,DRB1*03:01:01
57,A*02:01,A*02:01,B*40:01,B*40:01,C*03:04,C*03:04,DRB1*10:01,DRB1*13:02
58,A*23:01,A*68:01:02,B*44:02,B*44:03,C*04:01,C*07:04,DRB1*13:03,DRB1*01:01
59,A*01:01,A*26:01,B*49:01,B*37:01,C*06:02,C*07:01:01,DRB1*01:01,DRB1*15:01:01
60,A*01:01,A*02:01,B*08:01,B*14:01,C*07:01:01,C*08:02,DRB1*07:01:01,DRB1*03:01:01
61,A*01:01,A*01:01,B*08:01,B*57:01,C*06:02,C*07:01:01,DRB1*03:01:01,DRB1*07:01:01
62,A*02:01,A*03:01,B*07:02,B*44:03,C*07:02,C*16:01,DRB1*15:01:01,DRB1*07:01:01
63,A*02:01,A*29:02,B*44:03,B*15:01,C*12:03,C*16:01,DRB1*07:01:01,DRB1*11:04
64,A*02:01,A*03:01,B*07:02,B*57:01,C*06:02,C*07:02,DRB1*15:01:01,DRB1*07:01:01
65,A*01:01,A*29:02,B*08:01,B*44:03,C*07:01:01,C*16:01,DRB1*07:01:01,DRB1*13:01
66,A*29:02,A*32:01,B*44:03,B*39:01,C*02:02,C*16:01,DRB1*07:01:01,DRB1*01:01
67,A*02:01,A*03:01,B*44:02,B*15:01,C*01:02,C*05:01,DRB1*04:01:01,DRB1*13:01
68,A*02:01,A*25:01,B*07:02,B*57:01,C*06:02,C*07:02,DRB1*15:01:01,DRB1*07:01:01
69,A*11:01,A*32:01,B*08:01,B*55:01,C*03:03,C*07:01:01,DRB1*04:07,DRB1*03:01:01
70,A*11:01,A*26:01,B*14:01,B*14:02,C*08:02,C*08:02,DRB1*07:01:01,DRB1*13:02
71,A*01:01,A*31:01:02,B*08:01,B*44:02,C*05:01,C*07:01:01,DRB1*04:01:01,DRB1*03:01:01
72,A*01:01,A*02:01,B*07:02,B*07:02,C*07:02,C*07:02,DRB1*15:01:01,DRB1*01:01
73,A*01:01,A*29:02,B*07:02,B*44:03,C*07:02,C*16:01,DRB1*15:01:01,DRB1*15:01:01
74,A*01:01,A*26:01,B*44:02,B*58:01,C*05:01,C*07:01:01,DRB1*15:01:01,DRB1*04:01:01
75,A*02:01,A*02:01,B*44:02,B*18:01,C*07:01:01,C*05:01,DRB1*11:04,DRB1*13:01
76,A*02:01,A*31:01:02,B*08:01,B*40:01,C*03:04,C*07:02,DRB1*03:01:01,DRB1*04:04
77,A*11:01,A*11:01,B*08:01,B*35:01,C*04:01,C*07:01:01,DRB1*15:01:01,DRB1*01:01
78,A*03:01,A*26:01,B*07:02,B*55:01,C*03:03,C*07:02,DRB1*15:01:01,DRB1*14:01
79,A*02:01,A*02:01,B*51:01,B*44:02,C*05:01,C*15:02:01,DRB1*08:01,DRB1*13:01
80,A*02:01,A*03:01,B*07:02,B*07:02,C*07:02,C*07:02,DRB1*15:01:01,DRB1*15:01:01
81,A*01:01,A*02:01,B*44:02,B*37:01,C*05:01,C*06:02,DRB1*03:01:01,DRB1*13:01
82,A*68:01:02,A*29:02,B*08:01,B*44:03,C*07:01:01,C*16:01,DRB1*15:01:01,DRB1*03:01:01
83,A*01:01,A*29:02,B*07:02,B*08:01,C*07:02,C*07:01:01,DRB1*03:01:01,DRB1*14:01
84,A*02:01,A*32:01,B*07:02,B*44:03,C*07:02,C*16:01,DRB1*15:01:01,DRB1*07:01:01
85,A*01:01,A*01:01,B*08:01,B*08:01,C*07:01:01,C*07:01:01,DRB1*03:01:01,DRB1*14:01
86,A*01:01,A*02:01,B*57:01,B*27:05,C*01:02,C*06:02,DRB1*07:01:01,DRB1*07:01:01
87,A*02:01,A*02:01,B*57:01,B*27:05,C*02:02,C*06:02,DRB1*15:01:01,DRB1*07:01:01
88,A*01:01,A*01:01,B*08:01,B*08:01,C*07:01:01,C*07:01:01,DRB1*03:01:01,DRB1*03:01:01
89,A*32:01,A*32:01,B*44:02,B*14:01,C*07:02,C*07:02,DRB1*07:01:01,DRB1*11:01
90,A*02:05,A*03:01,B*07:02,B*50:01,C*06:02,C*07:02,DRB1*07:01:01,DRB1*03:01:01
91,A*03:01,A*30:01,B*44:02,B*13:02,C*05:01,C*06:02,DRB1*04:01:01,DRB1*04:01:01
92,A*01:01,A*02:01,B*07:02,B*08:01,C*07:02,C*07:01:01,DRB1*03:01:01,DRB1*01:01
93,A*03:01,A*29:02,B*07:02,B*44:03,C*07:02,C*16:01,DRB1*07:01:01,DRB1*10:01
94,A*02:01,A*30:01,B*07:02,B*51:01,C*07:02,C*15:02:01,DRB1*07:01:01,DRB1*13:01
95,A*01:01,A*03:01,B*07:02,B*37:01,C*06:02,C*07:02,DRB1*15:01:01,DRB1*01:01
96,A*01:01,A*03:01,B*08:01,B*44:02,C*07:01:01,C*05:01,DRB1*07:01:01,DRB1*03:01:01
97,A*02:01,A*24:02,B*44:02,B*39:06,C*05:01,C*07:02,DRB1*04:01:01,DRB1*07:01:01
98,A*02:01,A*68:01:01,B*51:01,B*44:03,C*15:02:01,C*16:01,DRB1*07:01:01,DRB1*13:01
99,A*02:01,A*32:01,B*13:02,B*15:01,C*03:03,C*06:02,DRB1*04:01:01,DRB1*07:01:01
100,A*01:01,A*03:01,B*08:01,B*44:02,C*05:01,C*07:01:01,DRB1*03:01:01,DRB1*04:01:01
101,A*01:01,A*31:01:02,B*15:01,B*40:01,C*03:03,C*03:04,DRB1*04:04,DRB1*13:01
102,A*01:01,A*03:01,B*07:02,B*08:01,C*07:02,C*07:01:01,DRB1*07:01:01,DRB1*15:01:01
103,A*01:01,A*24:02,B*08:01,B*18:01,C*05:01,C*07:01:01,DRB1*03:01:01,DRB1*01:01
104,A*02:01,A*03:01,B*44:02,B*15:01,C*03:04,C*05:01,DRB1*04:01:01,DRB1*07:01:01
105,A*01:01,A*11:01,B*35:01,B*37:01,C*04:01,C*06:02,DRB1*15:01:01,DRB1*01:01
106,A*68:01:02,A*29:02,B*44:03,B*35:01,C*04:01,C*16:01,DRB1*07:01:01,DRB1*01:01
107,A*01:01,A*25:01,B*07:02,B*08:01,C*07:02,C*07:01:01,DRB1*15:01:01,DRB1*03:01:01
108,A*01:01,A*03:01,B*07:02,B*37:01,C*06:02,C*07:02,DRB1*15:01:01,DRB1*04:01:01
109,A*02:01,A*30:02,B*15:01,B*18:01,C*03:03,C*05:01,DRB1*03:01:01,DRB1*13:01
110,A*01:01,A*26:01,B*08:01,B*38:01,C*07:01:01,C*12:03,DRB1*03:01:01,DRB1*13:01
111,A*03:01,A*03:01,B*07:02,B*14:01,C*07:02,C*08:02,DRB1*15:01:01,DRB1*07:01:01
112,A*02:01,A*02:01,B*39:03,B*57:01,C*06:02,C*07:01:01,DRB1*13:03,DRB1*13:01
113,A*24:02,A*25:01,B*08:01,B*51:01,C*07:01:01,C*12:03,DRB1*03:01:01,DRB1*11:01
114,A*01:01,A*02:01,B*07:02,B*08:01,C*07:02,C*07:01:01,DRB1*15:01:01,DRB1*04:04
115,A*01:01,A*31:01:02,B*08:01,B*35:01,C*04:01,C*07:01:01,DRB1*15:01:01,DRB1*15:01:01
116,A*11:01,A*33:03,B*57:01,B*40:01,C*03:04,C*06:02,DRB1*04:02,DRB1*04:04
117,A*03:01,A*24:02,B*44:02,B*35:01,C*04:01,C*05:01,DRB1*01:01,DRB1*13:01
118,A*01:01,A*29:02,B*08:01,B*44:03,C*07:01:01,C*16:01,DRB1*01:01,DRB1*07:01:01
119,A*03:01,A*11:01,B*44:02,B*35:01,C*04:01,C*05:01,DRB1*01:01,DRB1*01:01
120,A*01:01,A*02:01,B*08:01,B*08:01,C*07:01:01,C*07:01:01,DRB1*03:01:01,DRB1*03:01:01
121,A*02:01,A*03:01,B*07:02,B*07:02,C*07:02,C*07:02,DRB1*15:01:01,DRB1*15:01:01
122,A*02:01,A*32:01,B*51:01,B*44:02,C*05:01,C*14:02,DRB1*15:01:01,DRB1*11:03
123,A*03:01,A*11:01,B*55:01,B*15:01,C*03:04,C*03:03,DRB1*13:02,DRB1*08:01
124,A*02:01,A*11:01,B*07:02,B*55:01,C*03:03,C*07:02,DRB1*04:07,DRB1*14:01
125,A*02:01,A*32:01,B*14:01,B*51:01,C*08:02,C*14:02,DRB1*07:01:01,DRB1*10:01
126,A*01:01,A*24:02,B*55:01,B*40:01,C*03:03,C*03:04,DRB1*04:01:01,DRB1*04:04
127,A*02:05,A*24:02,B*49:01,B*55:01,C*03:03,C*07:01:01,DRB1*04:05,DRB1*13:01
128,A*02:01,A*25:01,B*15:01,B*27:05,C*03:04,C*02:02,DRB1*04:01:01,DRB1*07:01:01
129,A*03:01,A*32:01,B*07:02,B*15:01,C*03:03,C*07:02,DRB1*07:01:01,DRB1*01:01
130,A*02:01,A*11:01,B*08:01,B*44:02,C*05:01,C*07:01:01,DRB1*04:01:01,DRB1*03:01:01
131,A*02:01,A*32:01,B*44:03,B*40:01,C*03:04,C*16:01,DRB1*07:01:01,DRB1*08:01
132,A*01:01,A*26:01,B*08:01,B*38:01,C*07:01:01,C*12:03,DRB1*04:04,DRB1*03:01:01
133,A*01:01,A*11:01,B*07:02,B*37:01,C*06:02,C*07:02,DRB1*15:01:01,DRB1*15:01:01
134,A*01:01,A*32:01,B*44:02,B*35:04,C*04:01,C*05:01,DRB1*04:01:01,DRB1*01:01
135,A*03:01,A*25:01,B*55:01,B*40:01,C*03:03,C*03:04,DRB1*13:01,DRB1*04:07
136,A*03:01,A*24:02,B*44:02,B*35:01,C*04:01,C*05:01,DRB1*01:03,DRB1*15:01:01
137,A*02:01,A*25:02,B*08:01,B*44:03,C*07:01:01,C*16:01,DRB1*03:01:01,DRB1*07:01:01
138,A*02:01,A*32:01,B*44:02,B*14:01,C*05:01,C*08:02,DRB1*15:01:01,DRB1*09:01:02
139,A*11:01,A*31:01:02,B*51:01,B*07:02,C*07:02,C*15:02:01,DRB1*15:01:01,DRB1*04:07
140,A*23:01,A*30:01,B*49:01,B*35:01,C*04:01,C*07:01:01,DRB1*04:03:01,DRB1*11:04
141,A*11:01,A*11:01,B*35:01,B*35:01,C*04:01,C*04:01,DRB1*01:03,DRB1*13:01
142,A*02:01,A*03:01,B*07:02,B*44:02,C*05:01,C*07:02,DRB1*15:01:01,DRB1*08:01
143,A*02:01,A*32:01,B*14:01,B*15:01,C*03:03,C*08:02,DRB1*04:01:01,DRB1*07:01:01
144,A*03:01,A*03:01,B*27:05,B*27:05,C*01:02,C*02:02,DRB1*01:01,DRB1*04:04
145,A*02:01,A*11:01,B*35:01,B*40:01,C*03:04,C*04:01,DRB1*01:01,DRB1*15:01:01
146,A*02:01,A*02:01,B*38:01,B*39:06,C*07:02,C*12:03,DRB1*04:04,DRB1*13:01
147,A*25:01,A*25:01,B*44:02,B*18:01,C*05:01,C*12:03,DRB1*15:01:01,DRB1*04:01:01
148,A*02:01,A*02:05,B*44:02,B*37:01,C*05:01,C*07:01:01,DRB1*04:01:01,DRB1*10:01
149,A*01:01,A*29:02,B*07:02,B*08:01,C*07:02,C*07:01:01,DRB1*15:01:01,DRB1*03:01:01
150,A*01:01,A*02:01,B*44:02,B*14:01,C*05:01,C*08:02,DRB1*07:01:01,DRB1*13:01
151,A*01:01,A*11:01,B*08:01,B*55:01,C*03:03,C*07:01:01,DRB1*04:07,DRB1*03:01:01
152,A*01:01,A*26:01,B*51:01,B*57:01,C*01:02,C*06:02,DRB1*01:01,DRB1*07:01:01
153,A*24:02,A*25:01,B*18:01,B*35:01,C*04:01,C*12:03,DRB1*15:01:01,DRB1*01:03
154,A*02:01,A*03:01,B*07:02,B*44:02,C*05:01,C*07:02,DRB1*04:07,DRB1*04:01:01
155,A*03:01,A*32:01,B*39:06,B*27:05,C*01:02,C*07:02,DRB1*08:01,DRB1*01:01
156,A*11:01,A*31:01:02,B*35:01,B*40:01,C*03:04,C*04:01,DRB1*01:01,DRB1*04:01:01
157,A*01:01,A*02:01,B*08:01,B*08:01,C*07:01:01,C*07:01:01,DRB1*03:01:01,DRB1*03:01:01
158,A*02:01,A*11:01,B*18:01,B*40:01,C*03:04,C*07:01:01,DRB1*04:04,DRB1*04:03:01
159,A*01:01,A*02:01,B*44:02,B*57:01,C*05:01,C*06:02,DRB1*07:01:01,DRB1*04:01:01
160,A*02:01,A*68:01:02,B*08:01,B*15:01,C*03:04,C*07:01:01,DRB1*04:01:01,DRB1*03:01:01
161,A*01:01,A*03:01,B*08:01,B*35:01,C*04:01,C*07:01:01,DRB1*15:01:01,DRB1*01:01
162,A*01:01,A*02:01,B*08:01,B*44:02,C*05:01,C*07:01:01,DRB1*01:01,DRB1*03:01:01
163,A*02:01,A*02:01,B*07:02,B*08:01,C*07:02,C*07:01:01,DRB1*15:01:01,DRB1*03:01:01
164,A*02:01,A*02:01,B*51:01,B*44:02,C*04:01,C*05:01,DRB1*03:01:01,DRB1*15:01:01
165,A*02:05,A*31:01:02,B*27:05,B*49:01,C*02:02,C*07:01:01,DRB1*04:01:01,DRB1*13:01
166,A*29:02,A*32:01,B*44:03,B*14:01,C*08:02,C*16:01,DRB1*07:01:01,DRB1*01:02:01
167,A*02:01,A*11:01,B*35:01,B*35:01,C*04:01,C*04:01,DRB1*01:03,DRB1*11:01
168,A*02:01,A*03:01,B*08:01,B*40:01,C*03:04,C*07:01:01,DRB1*04:04,DRB1*03:01:01
169,A*01:01,A*31:01:02,B*51:09,B*35:01,C*01:02,C*04:01,DRB1*01:03,DRB1*03:01:01
170,A*01:01,A*02:01,B*08:01,B*15:01,C*03:04,C*07:01:01,DRB1*04:01:01,DRB1*03:01:01
171,A*26:01,A*68:02,B*44:03,B*53:01,C*04:01,C*16:01,DRB1*07:01:01,DRB1*13:02
172,A*01:01,A*02:05,B*07:02,B*08:01,C*07:02,C*07:01:01,DRB1*15:01:01,DRB1*03:01:01
173,A*03:01,A*03:01,B*07:02,B*07:02,C*07:02,C*07:02,DRB1*15:01:01,DRB1*04:01:01
174,A*03:01,A*11:01,B*07:02,B*35:01,C*04:01,C*07:02,DRB1*15:01:01,DRB1*01:03
175,A*02:01,A*03:01,B*07:02,B*44:03,C*07:02,C*16:01,DRB1*07:01:01,DRB1*01:01
176,A*01:01,A*25:01,B*07:02,B*18:01,C*07:02,C*12:03,DRB1*15:01:01,DRB1*03:01:01
177,A*01:01,A*01:01,B*08:01,B*40:01,C*06:02,C*07:01:01,DRB1*15:01:01,DRB1*13:02
178,A*02:01,A*24:02,B*14:01,B*55:01,C*03:03,C*08:02,DRB1*07:01:01,DRB1*12:01
179,A*02:01,A*26:01,B*44:02,B*57:01,C*05:01,C*06:02,DRB1*07:01:01,DRB1*11:04
180,A*03:01,A*24:02,B*07:02,B*40:01,C*03:04,C*07:02,DRB1*15:01:01,DRB1*13:02
181,A*03:01,A*03:01,B*14:02,B*57:01,C*06:02,C*08:02,DRB1*15:01:01,DRB1*07:01:01
182,A*02:01,A*29:02,B*07:02,B*44:03,C*07:02,C*16:01,DRB1*07:01:01,DRB1*07:01:01
183,A*01:01,A*24:02,B*08:01,B*55:01,C*03:03,C*07:01:01,DRB1*03:01:01,DRB1*12:01
184,A*03:01,A*33:01,B*07:02,B*14:02,C*07:02,C*08:02,DRB1*15:01:01,DRB1*04:01:01
185,A*02:01,A*24:02,B*44:02,B*39:06,C*07:02,C*05:01,DRB1*07:01:01,DRB1*08:01
186,A*03:01,A*03:01,B*07:02,B*14:02,C*07:02,C*08:02,DRB1*15:01:01,DRB1*13:02
187,A*01:01,A*02:01,B*08:01,B*18:01,C*07:01:01,C*07:01:01,DRB1*04:03:01,DRB1*03:01:01
188,A*01:01,A*02:01,B*08:01,B*40:01,C*03:04,C*07:01:01,DRB1*03:01:01,DRB1*13:02
189,A*25:01,A*11:01,B*44:02,B*18:01,C*05:01,C*12:03,DRB1*07:01:01,DRB1*08:01
190,A*02:01,A*02:01,B*51:01,B*14:02,C*08:02,C*15:02:01,DRB1*04:04,DRB1*01:02:01
191,A*01:01,A*02:01,B*44:02,B*14:02,C*05:01,C*08:02,DRB1*04:01:01,DRB1*04:01:01
192,A*01:01,A*11:01,B*07:02,B*57:01,C*06:02,C*07:02,DRB1*15:01:01,DRB1*11:03
193,A*02:01,A*32:01,B*07:02,B*27:09,C*01:02,C*07:02,DRB1*12:01,DRB1*01:03
194,A*01:01,A*68:01:01,B*44:03,B*27:05,C*01:02,C*04:01,DRB1*01:01,DRB1*07:01:01
195,A*01:01,A*11:01,B*07:02,B*57:01,C*06:02,C*07:02,DRB1*04:04,DRB1*01:03
196,A*02:01,A*29:02,B*14:02,B*49:01,C*07:01:01,C*08:02,DRB1*07:01:01,DRB1*13:02
197,A*02:01,A*02:01,B*15:01,B*27:05,C*03:03,C*07:04,DRB1*04:01:01,DRB1*01:01
198,A*01:01,A*03:01,B*07:02,B*37:01,C*06:02,C*07:02,DRB1*15:01:01,DRB1*04:01:01
199,A*02:01,A*02:01,B*44:02,B*15:01,C*03:03,C*05:01,DRB1*15:01:01,DRB1*13:01
200,A*01:01,A*11:01,B*08:01,B*35:01,C*04:01,C*07:01:01,DRB1*01:01,DRB1*03:01:01
201,A*02:01,A*02:01,B*13:02,B*27:05,C*03:03,C*06:02,DRB1*15:01:01,DRB1*04:01:01
202,A*02:01,A*29:02,B*44:03,B*35:01,C*15:02:01,C*16:01,DRB1*01:03,DRB1*07:01:01
203,A*01:01,A*11:01,B*08:01,B*55:01,C*03:03,C*07:01:01,DRB1*04:07,DRB1*07:01:01
204,A*03:01,A*30:01,B*44:02,B*13:02,C*05:01,C*06:02,DRB1*07:01:01,DRB1*07:01:01
205,A*02:01,A*02:01,B*51:01,B*07:02,C*04:01,C*07:02,DRB1*15:01:01,DRB1*08:01
206,A*02:01,A*03:01,B*14:02,B*27:05,C*02:02,C*08:02,DRB1*01:01,DRB1*03:01:01
207,A*01:01,A*02:01,B*08:01,B*08:01,C*07:01:01,C*07:01:01,DRB1*01:01,DRB1*03:01:01
208,A*03:01,A*11:01,B*35:01,B*35:01,C*04:01,C*04:01,DRB1*04:01:01,DRB1*01:01
209,A*03:01,A*11:01,B*35:01,B*35:01,C*04:01,C*04:01,DRB1*01:01,DRB1*01:01
210,A*01:01,A*02:01,B*08:01,B*40:01,C*03:04,C*07:01:01,DRB1*03:01:01,DRB1*07:01:01
211,A*02:01,A*03:01,B*07:02,B*07:02,C*07:02,C*07:02,DRB1*15:01:01,DRB1*15:01:01
212,A*02:01,A*24:02,B*07:02,B*44:02,C*05:01,C*07:02,DRB1*04:04,DRB1*04:16
213,A*01:01,A*01:01,B*08:01,B*08:01,C*07:01:01,C*07:01:01,DRB1*03:01:01,DRB1*03:01:01
214,A*02:01,A*02:01,B*07:02,B*44:02,C*05:01,C*07:02,DRB1*01:01,DRB1*01:03
215,A*02:01,A*24:02,B*07:02,B*44:02,C*05:01,C*07:02,DRB1*12:01,DRB1*01:03
216,A*01:01,A*33:01,B*57:01,B*14:02,C*06:02,C*08:02,DRB1*07:01:01,DRB1*01:02:01
217,A*02:01,A*02:01,B*07:02,B*40:01,C*03:04,C*07:02,DRB1*15:01:01,DRB1*04:04
218,A*01:01,A*01:01,B*08:01,B*08:01,C*07:01:01,C*07:01:01,DRB1*04:04,DRB1*03:01:01
219,A*02:01,A*29:02,B*07:02,B*38:01,C*06:02,C*07:02,DRB1*07:01:01,DRB1*12:01
220,A*01:01,A*03:01,B*08:01,B*08:01,C*07:01:01,C*07:01:01,DRB1*03:01:01,DRB1*03:01:01
221,A*01:01,A*03:01,B*08:01,B*35:03,C*04:01,C*07:01:01,DRB1*04:03:01,DRB1*03:01:01
222,A*01:01,A*32:01,B*08:01,B*14:01,C*07:01:01,C*08:02,DRB1*15:01:01,DRB1*03:01:01
223,A*03:01,A*24:02,B*55:01,B*35:01,C*03:03,C*04:01,DRB1*12:01,DRB1*01:01
224,A*11:01,A*11:01,B*55:01,B*35:01,C*04:01,C*03:03,DRB1*07:01:01,DRB1*01:01
225,A*02:01,A*24:02,B*44:02,B*35:01,C*04:01,C*05:01,DRB1*01:03,DRB1*07:01:01
226,A*11:01,A*33:01,B*07:02,B*14:02,C*07:02,C*08:02,DRB1*15:01:01,DRB1*01:02:01
227,A*24:02,A*32:01,B*27:05,B*35:03,C*01:02,C*04:01,DRB1*15:01:01,DRB1*04:01:01
228,A*02:01,A*29:02,B*51:01,B*44:03,C*14:02,C*16:01,DRB1*01:01,DRB1*07:01:01
229,A*01:01,A*02:01,B*08:01,B*44:02,C*05:01,C*07:01:01,DRB1*15:01:01,DRB1*03:01:01
230,A*01:01,A*03:01,B*08:01,B*14:02,C*07:01:01,C*08:02,DRB1*15:01:01,DRB1*03:01:01
231,A*23:01,A*30:01,B*44:03,B*13:02,C*04:01,C*06:02,DRB1*07:01:01,DRB1*13:01
232,A*23:01,A*33:01,B*14:01,B*14:02,C*08:02,C*08:02,DRB1*07:01:01,DRB1*03:01:01
233,A*01:01,A*02:01,B*07:02,B*44:02,C*05:01,C*07:02,DRB1*04:04,DRB1*15:01:01
234,A*01:01,A*11:01,B*08:01,B*44:02,C*05:01,C*07:01:01,DRB1*03:01:01,DRB1*15:01:01
235,A*03:01,A*68:01:02,B*07:02,B*18:01,C*07:02,C*07:01:01,DRB1*15:01:01,DRB1*12:01
236,A*01:01,A*68:01:02,B*08:01,B*44:02,C*07:04,C*07:01:01,DRB1*11:01,DRB1*03:01:01
237,A*02:01,A*24:02,B*07:02,B*14:01,C*07:02,C*08:02,DRB1*15:01:01,DRB1*07:01:01
238,A*02:01,A*24:02,B*08:01,B*44:02,C*05:01,C*07:01:01,DRB1*03:01:01,DRB1*13:02
239,A*02:05,A*68:01:02,B*44:02,B*50:01,C*06:02,C*07:04,DRB1*15:01:01,DRB1*07:01:01
240,A*01:01,A*03:01,B*08:01,B*15:01,C*03:03,C*07:01:01,DRB1*04:01:01,DRB1*03:01:01
241,A*01:01,A*02:01,B*08:01,B*44:02,C*05:01,C*07:01:01,DRB1*15:01:01,DRB1*07:01:01
242,A*03:01,A*03:01,B*07:02,B*07:02,C*07:02,C*07:02,DRB1*15:01:01,DRB1*15:01:01
243,A*02:01,A*24:02,B*40:01,B*40:01,C*03:04,C*03:04,DRB1*04:04,DRB1*07:01:01
244,A*01:01,A*24:02,B*52:01,B*44:02,C*05:01,C*12:02,DRB1*15:02,DRB1*03:01:01
245,A*02:01,A*24:02,B*07:02,B*18:01,C*07:02,C*07:01:01,DRB1*15:01:01,DRB1*04:01:01
246,A*01:01,A*32:01,B*08:01,B*14:01,C*07:01:01,C*08:02,DRB1*07:01:01,DRB1*01:03
247,A*02:01,A*32:01,B*08:01,B*15:01,C*03:03,C*07:01:01,DRB1*11:02,DRB1*03:01:01
248,A*02:05,A*11:01,B*14:02,B*50:01,C*06:02,C*08:02,DRB1*04:01:01,DRB1*13:02
249,A*01:01,A*11:01,B*07:02,B*08:01,C*07:02,C*07:01:01,DRB1*04:04,DRB1*03:01:01
250,A*01:01,A*32:01,B*08:01,B*39:06,C*07:02,C*07:01:01,DRB1*15:01:01,DRB1*03:01:01
251,A*24:02,A*30:02,B*51:01,B*51:09,C*01:02,C*16:01,DRB1*07:01:01,DRB1*11:01
252,A*03:01,A*30:02,B*50:01,B*35:01,C*04:01,C*04:01,DRB1*04:01:01,DRB1*13:03
253,A*02:01,A*29:02,B*07:02,B*44:02,C*05:01,C*07:02,DRB1*15:01:01,DRB1*11:03
254,A*01:01,A*03:01,B*08:01,B*14:02,C*07:01:01,C*08:02,DRB1*03:01:01,DRB1*13:02
255,A*01:01,A*02:01,B*08:01,B*40:02,C*02:02,C*07:01:01,DRB1*03:01:01,DRB1*14:01
256,A*03:01,A*24:02,B*07:02,B*44:03,C*03:03,C*07:02,DRB1*15:01:01,DRB1*07:01:01
257,A*01:01,A*11:01,B*08:01,B*35:01,C*04:01,C*07:01:01,DRB1*01:01,DRB1*03:01:01
258,A*03:01,A*25:01,B*44:03,B*57:01,C*06:02,C*16:01,DRB1*04:01:01,DRB1*07:01:01
259,A*02:01,A*30:02,B*07:02,B*18:01,C*05:01,C*07:02,DRB1*15:01:01,DRB1*03:01:01
260,A*02:01,A*11:01,B*44:02,B*18:01,C*05:01,C*05:01,DRB1*15:01:01,DRB1*03:01:01
261,A*02:01,A*68:02,B*14:02,B*27:05,C*02:02,C*08:02,DRB1*15:01:01,DRB1*13:03
262,A*03:01,A*24:02,B*07:02,B*35:01,C*07:02,C*04:01,DRB1*15:01:01,DRB1*01:03
263,A*03:01,A*11:01,B*08:01,B*40:02,C*02:02,C*07:01:01,DRB1*04:01:01,DRB1*03:01:01
264,A*02:01,A*24:02,B*07:02,B*35:01,C*04:01,C*07:02,DRB1*15:01:01,DRB1*11:04
265,A*02:01,A*03:01,B*07:02,B*08:01,C*07:02,C*07:01:01,DRB1*15:01:01,DRB1*04:05
266,A*02:01,A*29:02,B*44:02,B*45:01,C*05:01,C*06:02,DRB1*03:01:01,DRB1*07:01:01
267,A*02:01,A*02:01,B*39:01,B*27:05,C*07:02,C*02:02,DRB1*04:01:01,DRB1*08:01
268,A*01:01,A*03:01,B*15:01,B*35:01,C*03:03,C*04:01,DRB1*11:02,DRB1*01:01
269,A*23:01,A*25:01,B*44:03,B*44:03,C*04:01,C*16:01,DRB1*07:01:01,DRB1*07:01:01
270,A*03:01,A*25:01,B*39:01,B*27:05,C*01:02,C*12:03,DRB1*01:01,DRB1*11:01
271,A*03:01,A*32:01,B*07:02,B*27:05,C*01:02,C*07:02,DRB1*15:01:01,DRB1*15:01:01
272,A*01:01,A*02:01,B*51:01,B*08:01,C*04:01,C*07:01:01,DRB1*04:01:01,DRB1*03:01:01
273,A*31:01:02,A*32:01,B*14:01,B*27:05,C*02:02,C*08:02,DRB1*07:01:01,DRB1*04:01:01
274,A*01:01,A*29:02,B*08:01,B*44:03,C*07:01:01,C*16:01,DRB1*07:01:01,DRB1*03:01:01
275,A*23:01,A*68:01:02,B*44:03,B*15:18,C*02:02,C*07:02,DRB1*04:01:01,DRB1*13:02
276,A*24:02,A*11:01,B*07:02,B*08:01,C*07:02,C*07:01:01,DRB1*15:01:01,DRB1*03:01:01
277,A*03:01,A*11:01,B*07:02,B*57:01,C*06:02,C*07:02,DRB1*15:01:01,DRB1*07:01:01
278,A*02:01,A*31:01:02,B*08:01,B*40:01,C*03:04,C*07:01:01,DRB1*04:07,DRB1*03:01:01
279,A*02:05,A*11:01,B*49:01,B*35:01,C*04:01,C*07:01:01,DRB1*01:01,DRB1*04:05
280,A*11:01,A*29:02,B*44:03,B*55:01,C*03:03,C*16:01,DRB1*07:01:01,DRB1*14:01
281,A*01:01,A*02:01,B*07:02,B*08:01,C*07:02,C*07:01:01,DRB1*15:01:01,DRB1*03:01:01
282,A*01:01,A*03:01,B*07:02,B*08:01,C*07:02,C*07:01:01,DRB1*15:01:01,DRB1*15:01:01
283,A*03:01,A*24:02,B*07:02,B*55:01,C*03:03,C*07:02,DRB1*03:01:01,DRB1*13:02
284,A*02:01,A*68:01:01,B*52:01,B*39:06,C*07:02,C*12:02,DRB1*15:02,DRB1*04:04
285,A*02:01,A*02:01,B*44:02,B*14:01,C*05:01,C*08:02,DRB1*07:01:01,DRB1*09:01:02
286,A*01:01,A*11:01,B*35:01,B*37:01,C*04:01,C*06:02,DRB1*15:01:01,DRB1*01:03
287,A*01:01,A*31:01:02,B*08:01,B*35:01,C*04:01,C*07:01:01,DRB1*03:01:01,DRB1*01:03
288,A*02:01,A*11:01,B*15:01,B*35:01,C*04:01,C*04:01,DRB1*01:03,DRB1*13:01
289,A*01:01,A*03:01,B*07:02,B*08:01,C*07:02,C*07:01:01,DRB1*15:01:01,DRB1*04:01:01
290,A*02:01,A*24:02,B*44:02,B*27:05,C*02:02,C*05:01,DRB1*15:01:01,DRB1*04:01:01
291,A*23:01,A*32:01,B*08:01,B*15:01,C*03:03,C*07:01:01,DRB1*03:01:01,DRB1*01:01
292,A*11:01,A*24:02,B*18:03,B*41:01,C*07:01:01,C*17:01,DRB1*04:01:01,DRB1*10:01
293,A*01:01,A*11:01,B*08:01,B*35:01,C*04:01,C*07:01:01,DRB1*03:01:01,DRB1*01:03
294,A*11:01,A*33:01,B*07:02,B*14:02,C*07:02,C*08:02,DRB1*15:01:01,DRB1*01:02:01
295,A*03:01,A*33:03,B*07:02,B*35:01,C*04:01,C*07:02,DRB1*04:07,DRB1*13:03
296,A*11:01,A*11:01,B*14:02,B*27:05,C*08:02,C*02:02,DRB1*04:04,DRB1*13:02
297,A*01:01,A*01:01,B*07:02,B*08:01,C*07:02,C*07:01:01,DRB1*15:01:01,DRB1*03:01:01
298,A*02:01,A*24:02,B*07:02,B*44:02,C*07:02,C*05:01,DRB1*15:01:01,DRB1*04:03:01
299,A*02:01,A*02:01,B*55:01,B*35:03,C*03:03,C*04:01,DRB1*15:01:01,DRB1*13:01
300,A*03:01,A*32:01,B*44:02,B*14:02,C*05:01,C*08:02,DRB1*04:07,DRB1*13:02
301,A*01:01,A*02:01,B*51:01,B*44:02,C*05:01,C*16:01,DRB1*03:01:01,DRB1*07:01:01
302,A*02:01,A*23:01,B*44:02,B*38:01,C*04:01,C*05:01,DRB1*04:01:01,DRB1*03:01:01
303,A*24:02,A*11:01,B*07:02,B*07:02,C*07:02,C*07:02,DRB1*15:01:01,DRB1*15:01:01
304,A*02:01,A*02:01,B*57:01,B*18:01,C*06:02,C*07:01:01,DRB1*11:04,DRB1*07:01:01
305,A*23:01,A*29:02,B*44:03,B*44:03,C*04:01,C*16:01,DRB1*07:01:01,DRB1*07:01:01
306,A*01:01,A*01:01,B*08:01,B*57:01,C*06:02,C*07:01:01,DRB1*07:01:01,DRB1*03:01:01
307,A*01:01,A*02:01,B*51:01,B*57:01,C*06:02,C*15:02:01,DRB1*04:04,DRB1*07:01:01
308,A*01:01,A*29:02,B*08:01,B*44:03,C*07:01:01,C*16:01,DRB1*03:01:01,DRB1*10:01
309,A*01:01,A*23:01,B*44:03,B*49:01,C*07:01:01,C*16:01,DRB1*15:01:01,DRB1*07:01:01
310,A*01:01,A*01:01,B*08:01,B*08:01,C*07:01:01,C*07:01:01,DRB1*01:01,DRB1*03:01:01
311,A*02:01,A*03:01,B*07:02,B*14:02,C*07:02,C*08:02,DRB1*15:01:01,DRB1*13:02
312,A*01:01,A*11:01,B*35:01,B*45:01,C*04:01,C*06:02,DRB1*07:01:01,DRB1*07:01:01
313,A*02:01,A*30:02,B*44:03,B*18:01,C*05:01,C*16:01,DRB1*04:04,DRB1*03:01:01
314,A*01:01,A*02:01,B*08:01,B*40:01,C*03:04,C*07:01:01,DRB1*15:01:01,DRB1*03:01:01
315,A*24:02,A*30:02,B*44:02,B*44:03,C*03:03,C*05:01,DRB1*07:01:01,DRB1*11:03
316,A*01:01,A*01:01,B*07:02,B*08:01,C*07:02,C*07:01:01,DRB1*15:01:01,DRB1*03:01:01
317,A*02:01,A*11:01,B*44:03,B*40:01,C*03:04,C*04:01,DRB1*07:01:01,DRB1*13:02
318,A*01:01,A*32:01,B*57:01,B*55:01,C*03:03,C*06:02,DRB1*07:01:01,DRB1*14:01
319,A*01:01,A*03:01,B*08:01,B*40:01,C*03:04,C*07:01:01,DRB1*03:01:01,DRB1*13:01
320,A*03:01,A*11:01,B*07:02,B*55:01,C*03:03,C*07:02,DRB1*04:04,DRB1*04:07
321,A*02:01,A*02:01,B*07:02,B*44:02,C*05:01,C*07:02,DRB1*04:01:01,DRB1*01:01
322,A*01:01,A*23:01,B*08:01,B*50:01,C*06:02,C*07:01:01,DRB1*03:01:01,DRB1*13:01
323,A*01:01,A*26:01,B*07:02,B*15:01,C*03:04,C*07:02,DRB1*01:01,DRB1*07:01:01
324,A*02:01,A*24:02,B*07:02,B*44:02,C*05:01,C*07:02,DRB1*12:01,DRB1*01:03
325,A*02:01,A*25:01,B*51:01,B*39:01,C*12:03,C*15:02:01,DRB1*11:01,DRB1*13:01
326,A*01:01,A*02:01,B*08:01,B*14:01,C*07:01:01,C*08:02,DRB1*07:01:01,DRB1*03:01:01
327,A*01:01,A*02:01,B*07:02,B*08:01,C*07:02,C*07:01:01,DRB1*07:01:01,DRB1*03:01:01
328,A*29:02,A*31:01:02,B*07:02,B*44:03,C*07:02,C*16:01,DRB1*07:01:01,DRB1*01:01
329,A*02:01,A*03:01,B*57:01,B*14:02,C*08:02,C*06:02,DRB1*07:01:01,DRB1*13:02
330,A*01:01,A*02:01,B*07:02,B*08:01,C*07:02,C*07:01:01,DRB1*15:01:01,DRB1*15:01:01
331,A*03:01,A*03:01,B*07:02,B*38:01,C*07:02,C*12:03,DRB1*15:01:01,DRB1*13:01
332,A*01:01,A*11:01,B*08:01,B*18:01,C*05:01,C*07:01:01,DRB1*14:01,DRB1*03:01:01
333,A*01:01,A*31:01:02,B*08:01,B*44:02,C*05:01,C*07:01:01,DRB1*15:01:01,DRB1*04:01:01
334,A*01:01,A*33:01,B*08:01,B*44:03,C*02:02,C*07:01:01,DRB1*03:01:01,DRB1*01:02:01
335,A*03:01,A*29:02,B*44:02,B*44:03,C*05:01,C*16:01,DRB1*01:01,DRB1*11:04
336,A*02:01,A*11:01,B*08:01,B*57:01,C*06:02,C*07:01:01,DRB1*07:01:01,DRB1*03:01:01
337,A*01:01,A*02:01,B*08:01,B*15:01,C*03:03,C*07:01:01,DRB1*11:01,DRB1*03:01:01
338,A*02:01,A*26:01,B*49:01,B*56:01,C*01:02,C*07:01:01,DRB1*15:01:01,DRB1*04:01:01
339,A*68:01:01,A*29:02,B*07:02,B*27:05,C*07:02,C*02:02,DRB1*15:01:01,DRB1*14:01
340,A*24:02,A*11:01,B*07:02,B*35:01,C*04:01,C*07:02,DRB1*15:01:01,DRB1*04:01:01
341,A*11:01,A*66:01,B*55:01,B*35:04,C*03:03,C*04:01,DRB1*01:01,DRB1*11:04
342,A*01:01,A*03:01,B*07:02,B*55:01,C*03:03,C*07:02,DRB1*15:01:01,DRB1*04:07
343,A*02:01,A*11:01,B*07:02,B*35:01,C*04:01,C*07:02,DRB1*04:01:01,DRB1*12:01
344,A*24:02,A*24:02,B*15:01,B*40:01,C*03:03,C*03:04,DRB1*15:01:01,DRB1*04:04
345,A*02:01,A*02:01,B*44:02,B*44:03,C*05:01,C*16:01,DRB1*04:01:01,DRB1*07:01:01
346,A*01:01,A*25:01,B*08:01,B*18:01,C*07:01:01,C*12:03,DRB1*15:01:01,DRB1*03:01:01
347,A*02:01,A*24:02,B*08:01,B*44:02,C*05:01,C*07:01:01,DRB1*03:01:01,DRB1*12:01
348,A*02:01,A*24:02,B*07:02,B*44:02,C*05:01,C*07:02,DRB1*15:01:01,DRB1*04:01:01
349,A*02:01,A*11:01,B*44:02,B*40:01,C*03:04,C*05:01,DRB1*04:04,DRB1*12:01
350,A*01:01,A*02:01,B*08:01,B*13:02,C*06:02,C*07:01:01,DRB1*04:04,DRB1*07:01:01
351,A*03:01,A*03:01,B*07:02,B*14:02,C*07:02,C*08:02,DRB1*15:01:01,DRB1*13:02
352,A*03:01,A*25:01,B*07:02,B*18:01,C*07:02,C*12:03,DRB1*15:01:01,DRB1*03:01:01
353,A*01:01,A*02:01,B*07:02,B*51:01,C*07:02,C*15:02:01,DRB1*15:01:01,DRB1*04:04
354,A*01:01,A*02:01,B*07:02,B*08:01,C*07:02,C*07:01:01,DRB1*15:01:01,DRB1*03:01:01
355,A*01:01,A*29:02,B*08:01,B*44:03,C*07:01:01,C*16:01,DRB1*01:01,DRB1*03:01:01
356,A*01:01,A*02:01,B*08:01,B*44:02,C*05:01,C*07:01:01,DRB1*04:01:01,DRB1*03:01:01
357,A*02:01,A*02:01,B*44:02,B*27:05,C*02:02,C*05:01,DRB1*04:01:01,DRB1*04:07
358,A*02:01,A*30:02,B*51:01,B*18:01,C*05:01,C*16:01,DRB1*04:01:01,DRB1*03:01:01
359,A*02:01,A*24:02,B*44:02,B*40:01,C*03:04,C*05:01,DRB1*15:01:01,DRB1*04:01:01
360,A*02:01,A*03:01,B*14:01,B*35:01,C*03:04,C*08:02,DRB1*07:01:01,DRB1*01:03
361,A*01:01,A*31:01:02,B*07:02,B*08:01,C*07:02,C*07:01:01,DRB1*01:01,DRB1*03:01:01
362,A*11:01,A*11:01,B*44:03,B*57:01,C*06:02,C*16:01,DRB1*07:01:01,DRB1*07:01:01
363,A*01:01,A*68:02,B*08:01,B*14:02,C*07:01:01,C*08:02,DRB1*03:01:01,DRB1*13:03
364,A*68:01:01,A*11:01,B*44:02,B*35:01,C*04:01,C*05:01,DRB1*01:03,DRB1*04:01:01
365,A*29:02,A*31:01:02,B*07:02,B*44:03,C*07:02,C*16:01,DRB1*15:01:01,DRB1*07:01:01
366,A*01:01,A*01:01,B*08:01,B*08:01,C*07:01:01,C*07:01:01,DRB1*03:01:01,DRB1*03:01:01
367,A*02:01,A*31:01:02,B*44:02,B*40:01,C*03:04,C*05:01,DRB1*04:01:01,DRB1*04:04
368,A*03:01,A*11:01,B*07:02,B*18:01,C*07:02,C*07:01:01,DRB1*03:01:01,DRB1*07:01:01
369,A*01:01,A*31:01:02,B*55:01,B*37:01,C*03:03,C*06:02,DRB1*15:01:01,DRB1*04:01:01
370,A*11:01,A*11:01,B*08:01,B*27:05,C*01:02,C*07:01:01,DRB1*15:01:01,DRB1*03:01:01
371,A*03:01,A*11:01,B*07:02,B*40:01,C*03:04,C*07:02,DRB1*15:01:01,DRB1*04:04
372,A*30:02,A*29:02,B*44:02,B*18:01,C*05:01,C*05:01,DRB1*04:01:01,DRB1*14:01
373,A*02:05,A*68:01:02,B*44:02,B*35:01,C*04:01,C*07:04,DRB1*15:01:01,DRB1*11:01
374,A*03:01,A*11:01,B*51:01,B*07:02,C*03:03,C*07:02,DRB1*04:01:01,DRB1*03:01:01
375,A*03:01,A*30:01,B*13:02,B*56:01,C*01:02,C*06:02,DRB1*07:01:01,DRB1*01:01
376,A*01:01,A*02:01,B*07:02,B*37:01,C*06:02,C*07:02,DRB1*15:01:01,DRB1*04:04
377,A*02:01,A*68:02,B*27:05,B*15:10,C*01:02,C*03:02,DRB1*15:01:01,DRB1*03:01:01
378,A*02:01,A*26:01,B*44:02,B*44:02,C*05:01,C*05:01,DRB1*04:01:01,DRB1*12:01
379,A*23:01,A*30:02,B*44:03,B*18:01,C*04:01,C*05:01,DRB1*07:01:01,DRB1*03:01:01
380,A*02:01,A*24:02,B*07:02,B*44:02,C*05:01,C*07:02,DRB1*15:01:01,DRB1*15:01:01
381,A*01:01,A*25:01,B*44:03,B*39:01,C*12:03,C*16:01,DRB1*15:01:01,DRB1*07:01:01
382,A*02:01,A*29:02,B*44:02,B*44:03,C*03:03,C*05:01,DRB1*04:01:01,DRB1*07:01:01
383,A*29:02,A*30:01,B*13:02,B*40:01,C*03:04,C*06:02,DRB1*04:04,DRB1*07:01:01
384,A*02:01,A*29:02,B*44:02,B*44:03,C*07:04,C*16:01,DRB1*07:01:01,DRB1*04:01:01
385,A*01:01,A*03:01,B*07:02,B*08:01,C*07:02,C*07:01:01,DRB1*15:01:01,DRB1*03:01:01
386,A*01:01,A*01:01,B*08:01,B*08:01,C*07:01:01,C*07:01:01,DRB1*03:01:01,DRB1*03:01:01
387,A*02:01,A*03:01,B*07:02,B*49:01,C*07:01:01,C*07:02,DRB1*01:01,DRB1*15:01:01
388,A*24:02,A*26:01,B*38:01,B*40:01,C*03:04,C*12:03,DRB1*14:01,DRB1*13:01
389,A*02:01,A*23:01,B*44:03,B*27:05,C*01:02,C*04:01,DRB1*07:01:01,DRB1*01:01
390,A*01:01,A*02:05,B*08:01,B*50:01,C*06:02,C*07:01:01,DRB1*07:01:01,DRB1*03:01:01
391,A*02:01,A*03:01,B*07:02,B*44:02,C*05:01,C*07:02,DRB1*15:01:01,DRB1*01:01
392,A*02:01,A*03:01,B*51:01,B*44:02,C*03:03,C*05:01,DRB1*04:01:01,DRB1*01:01
393,A*01:01,A*24:02,B*08:01,B*38:01,C*07:01:01,C*12:03,DRB1*04:04,DRB1*14:01
394,A*02:01,A*02:01,B*07:02,B*15:01,C*03:04,C*07:02,DRB1*04:01:01,DRB1*07:01:01
395,A*01:01,A*01:01,B*08:01,B*57:01,C*06:02,C*07:01:01,DRB1*07:01:01,DRB1*03:01:01
396,A*01:01,A*01:01,B*08:01,B*08:01,C*07:01:01,C*07:01:01,DRB1*03:01:01,DRB1*03:01:01
397,A*68:01:01,A*29:02,B*44:03,B*35:03,C*04:01,C*16:01,DRB1*15:01:01,DRB1*07:01:01
398,A*02:01,A*29:02,B*13:02,B*41:02,C*06:02,C*17:01,DRB1*13:03,DRB1*13:01
399,A*02:01,A*11:01,B*07:02,B*35:01,C*04:01,C*07:02,DRB1*15:01:01,DRB1*04:01:01
400,A*03:01,A*11:01,B*07:02,B*15:18,C*07:02,C*07:04,DRB1*04:07,DRB1*04:01:01
401,A*02:01,A*02:01,B*07:02,B*07:02,C*07:02,C*07:02,DRB1*07:01:01,DRB1*15:01:01
402,A*01:01,A*02:01,B*08:01,B*44:02,C*05:01,C*07:01:01,DRB1*04:01:01,DRB1*07:01:01
403,A*01:01,A*03:01,B*07:02,B*08:01,C*07:02,C*07:01:01,DRB1*15:01:01,DRB1*03:01:01
404,A*11:01,A*32:01,B*27:05,B*27:05,C*02:02,C*01:02,DRB1*09:01:02,DRB1*01:01
405,A*02:01,A*02:01,B*44:02,B*40:01,C*03:04,C*05:01,DRB1*04:01:01,DRB1*14:01
406,A*02:01,A*03:01,B*44:02,B*27:05,C*05:01,C*02:02,DRB1*03:01:01,DRB1*11:01
407,A*03:01,A*03:01,B*07:02,B*07:02,C*07:02,C*07:02,DRB1*15:01:01,DRB1*04:04
408,A*02:01,A*25:01,B*07:02,B*44:02,C*05:01,C*07:02,DRB1*15:01:01,DRB1*04:01:01
409,A*24:02,A*11:01,B*07:02,B*55:01,C*03:03,C*07:02,DRB1*15:01:01,DRB1*15:01:01
410,A*02:01,A*03:01,B*07:02,B*08:01,C*07:02,C*07:01:01,DRB1*15:01:01,DRB1*03:01:01
411,A*02:01,A*02:01,B*44:02,B*44:03,C*05:01,C*05:01,DRB1*04:01:01,DRB1*11:01
412,A*01:01,A*24:02,B*08:01,B*18:01,C*07:01:01,C*07:01:01,DRB1*11:04,DRB1*03:01:01
413,A*02:01,A*03:01,B*07:02,B*07:02,C*07:02,C*07:02,DRB1*04:01:01,DRB1*12:01
414,A*02:01,A*02:01,B*44:02,B*51:01,C*05:01,C*15:02:01,DRB1*15:01:01,DRB1*08:02
415,A*02:01,A*02:01,B*39:01,B*40:01,C*03:04,C*12:03,DRB1*07:01:01,DRB1*13:02
416,A*02:01,A*03:01,B*07:02,B*08:01,C*07:02,C*07:01:01,DRB1*03:01:01,DRB1*01:03
417,A*24:02,A*11:01,B*39:06,B*35:01,C*04:01,C*07:02,DRB1*01:01,DRB1*08:01
418,A*02:01,A*11:01,B*07:02,B*35:01,C*04:01,C*07:02,DRB1*01:03,DRB1*01:03
419,A*01:01,A*03:01,B*07:02,B*08:01,C*07:02,C*07:01:01,DRB1*15:01:01,DRB1*03:01:01
420,A*01:01,A*31:01:02,B*08:01,B*40:01,C*03:04,C*07:01:01,DRB1*04:04,DRB1*03:01:01
421,A*01:01,A*68:01:01,B*08:01,B*44:05,C*07:01:01,C*02:02,DRB1*16:01:01,DRB1*03:01:01
422,A*02:01,A*24:02,B*07:02,B*07:02,C*07:02,C*07:02,DRB1*15:01:01,DRB1*01:01
423,A*02:01,A*31:01:02,B*07:02,B*44:02,C*05:01,C*07:02,DRB1*03:01:01,DRB1*01:01
424,A*03:01,A*11:01,B*44:02,B*14:02,C*08:02,C*05:01,DRB1*12:01,DRB1*13:02
425,A*01:01,A*02:01,B*08:01,B*44:03,C*04:01,C*07:01:01,DRB1*07:01:01,DRB1*03:01:01
426,A*02:01,A*68:01:01,B*07:02,B*27:05,C*01:02,C*07:02,DRB1*03:01:01,DRB1*01:01
427,A*02:01,A*26:01,B*44:03,B*55:01,C*03:03,C*16:01,DRB1*07:01:01,DRB1*14:01
428,A*31:01:02,A*31:01:02,B*40:01,B*15:08,C*01:02,C*03:04,DRB1*15:01:01,DRB1*04:04
429,A*03:01,A*25:01,B*55:01,B*47:01,C*03:03,C*06:02,DRB1*04:01:01,DRB1*07:01:01
430,A*03:01,A*03:01,B*07:02,B*07:02,C*07:02,C*07:02,DRB1*15:01:01,DRB1*07:01:01
431,A*01:01,A*02:01,B*08:01,B*44:02,C*05:01,C*07:01:01,DRB1*04:01:01,DRB1*11:01
432,A*01:01,A*24:02,B*07:02,B*08:01,C*07:02,C*07:01:01,DRB1*15:01:01,DRB1*03:01:01
433,A*03:01,A*24:02,B*07:02,B*07:02,C*07:02,C*07:02,DRB1*15:01:01,DRB1*15:01:01
434,A*24:02,A*32:01,B*15:01,B*40:01,C*03:04,C*03:03,DRB1*04:04,DRB1*13:02
435,A*01:01,A*02:01,B*44:02,B*57:01,C*05:01,C*06:02,DRB1*04:01:01,DRB1*07:01:01
436,A*02:01,A*03:01,B*07:02,B*44:02,C*05:01,C*07:02,DRB1*15:01:01,DRB1*12:01
437,A*24:02,A*11:01,B*07:02,B*35:01,C*04:01,C*07:02,DRB1*15:01:01,DRB1*04:01:01
438,A*01:01,A*02:01,B*37:01,B*37:01,C*06:02,C*06:02,DRB1*10:01,DRB1*13:02
439,A*24:02,A*32:01,B*08:01,B*14:01,C*07:02,C*08:02,DRB1*07:01:01,DRB1*03:01:01
440,A*02:01,A*29:02,B*07:02,B*49:01,C*07:02,C*07:01:01,DRB1*15:01:01,DRB1*01:01
441,A*01:01,A*01:01,B*08:01,B*57:01,C*06:02,C*07:01:01,DRB1*03:01:01,DRB1*07:01:01
442,A*01:01,A*02:01,B*44:02,B*57:01,C*05:01,C*06:02,DRB1*15:01:01,DRB1*07:01:01
443,A*01:01,A*24:02,B*07:02,B*08:01,C*07:02,C*07:01:01,DRB1*04:04,DRB1*03:01:01
444,A*02:01,A*03:01,B*07:02,B*07:02,C*07:02,C*07:02,DRB1*01:03,DRB1*13:02
445,A*01:01,A*11:01,B*08:01,B*35:01,C*04:01,C*07:01:01,DRB1*01:03,DRB1*03:01:01
446,A*03:01,A*29:02,B*07:02,B*44:03,C*07:02,C*16:01,DRB1*07:01:01,DRB1*15:01:01
447,A*01:01,A*03:01,B*07:02,B*35:01,C*04:01,C*07:02,DRB1*01:01,DRB1*15:01:01
448,A*02:01,A*11:01,B*07:02,B*35:01,C*04:01,C*07:02,DRB1*15:01:01,DRB1*04:07
449,A*01:01,A*11:01,B*27:05,B*27:05,C*01:02,C*02:02,DRB1*01:01,DRB1*01:03
450,A*03:01,A*32:01,B*44:02,B*39:01,C*05:01,C*07:02,DRB1*01:01,DRB1*07:01:01
451,A*24:02,A*25:01,B*18:01,B*55:01,C*03:03,C*12:03,DRB1*15:01:01,DRB1*13:02
452,A*26:01,A*31:01:02,B*08:01,B*40:01,C*07:02,C*03:04,DRB1*04:01:01,DRB1*04:04
453,A*02:01,A*02:01,B*08:01,B*44:03,C*04:01,C*07:01:01,DRB1*03:01:01,DRB1*07:01:01
454,A*02:01,A*03:01,B*44:02,B*40:01,C*03:04,C*05:01,DRB1*04:04,DRB1*11:04
455,A*01:01,A*03:01,B*44:02,B*14:02,C*05:01,C*08:02,DRB1*04:01:01,DRB1*13:02
456,A*02:01,A*03:01,B*07:02,B*44:02,C*05:01,C*07:02,DRB1*01:01,DRB1*01:03
457,A*23:01,A*68:01:02,B*07:02,B*38:01,C*04:01,C*07:02,DRB1*04:07,DRB1*03:01:01
458,A*01:01,A*03:01,B*07:02,B*08:01,C*07:02,C*07:01:01,DRB1*15:01:01,DRB1*15:01:01
459,A*02:01,A*02:01,B*44:02,B*40:01,C*03:04,C*05:01,DRB1*04:01:01,DRB1*04:01:01
460,A*01:01,A*03:01,B*07:02,B*44:02,C*05:01,C*05:01,DRB1*15:01:01,DRB1*13:01
461,A*01:01,A*03:01,B*08:01,B*57:01,C*06:02,C*07:01:01,DRB1*03:01:01,DRB1*03:01:01
462,A*24:02,A*25:01,B*44:03,B*18:01,C*03:03,C*12:03,DRB1*15:01:01,DRB1*07:01:01
463,A*01:01,A*03:01,B*08:01,B*40:01,C*03:04,C*07:01:01,DRB1*03:01:01,DRB1*13:01
464,A*26:01,A*11:01,B*08:01,B*35:01,C*04:01,C*07:01:01,DRB1*01:01,DRB1*01:01
465,A*01:01,A*03:01,B*08:01,B*44:03,C*07:01:01,C*16:01,DRB1*07:01:01,DRB1*03:01:01
466,A*01:01,A*02:01,B*07:02,B*08:01,C*07:02,C*07:01:01,DRB1*04:04,DRB1*03:01:01
467,A*24:02,A*68:01:01,B*07:02,B*35:01,C*04:01,C*07:02,DRB1*01:03,DRB1*15:01:01
468,A*01:01,A*01:01,B*08:01,B*57:01,C*06:02,C*07:01:01,DRB1*15:01:01,DRB1*07:01:01
469,A*02:01,A*02:01,B*44:02,B*44:02,C*05:01,C*05:01,DRB1*04:01:01,DRB1*13:01
470,A*24:02,A*26:01,B*44:03,B*38:01,C*12:03,C*16:01,DRB1*07:01:01,DRB1*01:01
471,A*01:01,A*24:02,B*08:01,B*57:01,C*06:02,C*07:01:01,DRB1*07:01:01,DRB1*07:01:01
472,A*02:01,A*33:03,B*15:01,B*50:01,C*01:02,C*06:02,DRB1*09:01:02,DRB1*03:01:01
473,A*03:01,A*03:01,B*14:02,B*35:01,C*04:01,C*08:02,DRB1*01:01,DRB1*13:02
474,A*01:01,A*24:02,B*07:02,B*08:01,C*07:02,C*07:01:01,DRB1*15:01:01,DRB1*03:01:01
475,A*11:01,A*32:01,B*08:01,B*15:01,C*02:02,C*07:01:01,DRB1*13:01,DRB1*03:01:01
476,A*02:01,A*68:01:02,B*44:02,B*44:02,C*05:01,C*07:04,DRB1*15:02,DRB1*11:01
477,A*03:01,A*11:01,B*44:03,B*14:01,C*08:02,C*16:01,DRB1*04:01:01,DRB1*07:01:01
478,A*68:02,A*30:01,B*13:02,B*14:02,C*06:02,C*08:02,DRB1*15:01:01,DRB1*08:03:02
479,A*01:01,A*01:01,B*57:01,B*37:01,C*06:02,C*06:02,DRB1*15:01:01,DRB1*07:01:01
480,A*02:01,A*24:02,B*07:02,B*40:01,C*03:04,C*07:02,DRB1*15:01:01,DRB1*04:04
481,A*02:01,A*03:01,B*07:02,B*27:05,C*02:02,C*07:02,DRB1*04:04,DRB1*08:01
482,A*01:01,A*11:01,B*51:01,B*57:01,C*06:02,C*04:01,DRB1*07:01:01,DRB1*07:01:01
483,A*68:02,A*29:02,B*08:01,B*14:02,C*07:01:01,C*08:02,DRB1*13:03,DRB1*03:01:01
484,A*03:01,A*03:01,B*08:01,B*39:01,C*07:01:01,C*12:03,DRB1*08:01,DRB1*16:01:01
485,A*01:01,A*02:01,B*08:01,B*18:01,C*07:01:01,C*07:01:01,DRB1*15:01:01,DRB1*13:01
486,A*24:02,A*01:01,B*07:02,B*08:01,C*07:02,C*07:01:01,DRB1*04:08,DRB1*03:01:01
487,A*02:05,A*31:01:02,B*40:01,B*50:01,C*03:04,C*06:02,DRB1*04:04,DRB1*03:01:01
488,A*02:01,A*03:01,B*44:02,B*57:01,C*05:01,C*06:02,DRB1*04:01:01,DRB1*07:01:01
489,A*01:01,A*01:01,B*08:01,B*08:01,C*07:01:01,C*07:01:01,DRB1*03:01:01,DRB1*03:01:01
490,A*01:01,A*03:01,B*38:01,B*40:01,C*03:04,C*12:03,DRB1*16:01:01,DRB1*13:01
491,A*03:02,A*68:02,B*07:02,B*51:01,C*07:02,C*15:02:01,DRB1*01:01,DRB1*11:01
492,A*01:01,A*01:01,B*08:01,B*55:01,C*03:03,C*07:01:01,DRB1*04:01:01,DRB1*03:01:01
493,A*02:01,A*02:01,B*44:02,B*44:02,C*05:01,C*05:01,DRB1*04:01:01,DRB1*13:02
494,A*02:01,A*25:01,B*08:01,B*57:01,C*03:03,C*07:01:01,DRB1*03:01:01,DRB1*07:01:01
495,A*01:01,A*02:01,B*44:02,B*52:01,C*05:01,C*12:02,DRB1*15:02,DRB1*01:01
496,A*11:01,A*29:02,B*44:03,B*18:01,C*07:01:01,C*16:01,DRB1*15:01:01,DRB1*03:01:01
497,A*02:01,A*02:01,B*08:01,B*27:05,C*01:02,C*07:01:01,DRB1*03:01:01,DRB1*01:03
498,A*02:01,A*11:01,B*44:02,B*18:01,C*05:01,C*07:01:01,DRB1*07:01:01,DRB1*03:01:01
499,A*01:01,A*11:01,B*08:01,B*44:02,C*05:01,C*07:01:01,DRB1*01:01,DRB1*03:01:01
500,A*03:01,A*24:02,B*51:01,B*35:01,C*04:01,C*14:02,DRB1*04:07,DRB1*09:01:02
501,A*03:01,A*11:01,B*27:05,B*35:01,C*01:02,C*04:01,DRB1*01:01,DRB1*01:03
502,A*23:01,A*25:01,B*07:02,B*44:03,C*04:01,C*07:02,DRB1*15:01:01,DRB1*04:02
503,A*02:01,A*68:01:02,B*08:01,B*44:03,C*07:01:01,C*16:01,DRB1*07:01:01,DRB1*03:01:01
504,A*02:01,A*23:01,B*07:02,B*44:03,C*04:01,C*07:02,DRB1*04:01:01,DRB1*07:01:01
505,A*02:01,A*03:01,B*14:02,B*58:01,C*07:01:01,C*08:02,DRB1*01:02:01,DRB1*08:04:01
506,A*02:01,A*29:02,B*13:02,B*15:01,C*03:03,C*06:02,DRB1*07:01:01,DRB1*13:01
507,A*11:01,A*33:01,B*07:02,B*14:02,C*07:02,C*08:02,DRB1*15:01:01,DRB1*01:02:01
508,A*01:01,A*02:01,B*44:02,B*27:05,C*02:02,C*05:01,DRB1*01:03,DRB1*01:03
509,A*02:01,A*32:01,B*14:01,B*15:01,C*03:04,C*08:02,DRB1*15:01:01,DRB1*01:01
510,A*03:01,A*03:01,B*14:02,B*47:01,C*06:02,C*08:02,DRB1*15:01:01,DRB1*15:01:01
511,A*02:01,A*11:01,B*51:01,B*52:01,C*12:02,C*15:02:01,DRB1*15:02,DRB1*08:01
512,A*02:01,A*03:01,B*07:02,B*08:01,C*07:02,C*07:01:01,DRB1*15:01:01,DRB1*03:01:01
513,A*02:01,A*03:01,B*57:01,B*27:05,C*01:02,C*06:02,DRB1*07:01:01,DRB1*01:01
514,A*24:02,A*11:01,B*15:01,B*35:01,C*03:03,C*04:01,DRB1*09:01:02,DRB1*01:01
515,A*01:01,A*68:01:02,B*08:01,B*57:01,C*06:02,C*07:01:01,DRB1*07:01:01,DRB1*03:01:01
516,A*01:01,A*31:01:02,B*08:01,B*40:01,C*03:04,C*07:01:01,DRB1*03:01:01,DRB1*04:04
517,A*01:01,A*03:01,B*07:02,B*08:01,C*07:02,C*07:01:01,DRB1*15:01:01,DRB1*03:01:01
518,A*01:01,A*29:02,B*08:01,B*44:03,C*07:01:01,C*16:01,DRB1*07:01:01,DRB1*03:01:01
519,A*02:01,A*29:02,B*44:02,B*44:03,C*05:01,C*16:01,DRB1*07:01:01,DRB1*03:01:01
520,A*02:01,A*03:01,B*07:02,B*13:02,C*06:02,C*07:02,DRB1*15:01:01,DRB1*15:01:01
521,A*02:01,A*02:01,B*44:03,B*15:01,C*01:02,C*16:01,DRB1*01:01,DRB1*07:01:01
522,A*03:01,A*68:01:02,B*14:02,B*14:02,C*08:02,C*08:02,DRB1*15:01:01,DRB1*13:02
523,A*02:01,A*03:01,B*08:01,B*44:02,C*05:01,C*07:01:01,DRB1*04:01:01,DRB1*03:01:01
524,A*03:01,A*29:02,B*07:02,B*45:01,C*06:02,C*07:02,DRB1*15:01:01,DRB1*04:01:01
525,A*02:01,A*68:01:02,B*08:01,B*44:03,C*07:01:01,C*16:01,DRB1*07:01:01,DRB1*03:01:01
526,A*01:01,A*01:01,B*08:01,B*15:03,C*07:01:01,C*12:03,DRB1*07:01:01,DRB1*03:01:01
527,A*03:01,A*23:01,B*44:03,B*35:01,C*04:01,C*04:01,DRB1*07:01:01,DRB1*01:01
528,A*01:01,A*11:01,B*08:01,B*44:03,C*07:01:01,C*16:01,DRB1*03:01:01,DRB1*07:01:01
529,A*25:01,A*11:01,B*08:01,B*15:01,C*03:04,C*07:01:01,DRB1*03:01:01,DRB1*13:02
530,A*01:01,A*68:01:01,B*08:01,B*35:03,C*04:01,C*07:01:01,DRB1*04:07,DRB1*03:01:01
531,A*02:01,A*24:02,B*44:02,B*15:01,C*03:03,C*05:01,DRB1*15:01:01,DRB1*13:01
532,A*01:01,A*02:01,B*07:02,B*07:02,C*07:02,C*07:02,DRB1*15:01:01,DRB1*11:01
533,A*02:01,A*30:01,B*13:02,B*38:01,C*06:02,C*12:03,DRB1*04:04,DRB1*13:01
534,A*02:01,A*30:02,B*45:01,B*18:01,C*05:01,C*06:02,DRB1*04:01:01,DRB1*07:01:01
535,A*01:01,A*01:01,B*08:01,B*15:01,C*04:01,C*07:01:01,DRB1*12:01,DRB1*03:01:01
536,A*02:01,A*24:02,B*08:01,B*44:02,C*05:01,C*07:01:01,DRB1*07:01:01,DRB1*03:01:01
537,A*02:01,A*24:02,B*44:02,B*39:06,C*05:01,C*07:02,DRB1*04:01:01,DRB1*01:03
538,A*32:01,A*32:01,B*08:01,B*50:01,C*06:02,C*07:01:01,DRB1*04:04,DRB1*03:01:01
539,A*02:01,A*03:01,B*08:01,B*51:01,C*07:01:01,C*14:02,DRB1*03:01:01,DRB1*09:01:02
540,A*03:01,A*03:01,B*07:02,B*35:01,C*04:01,C*07:02,DRB1*15:01:01,DRB1*15:01:01
541,A*02:01,A*02:01,B*07:02,B*07:02,C*07:02,C*07:02,DRB1*15:01:01,DRB1*12:01
542,A*02:01,A*29:02,B*07:02,B*55:01,C*03:03,C*07:02,DRB1*01:01,DRB1*04:04
543,A*02:01,A*02:01,B*27:05,B*50:01,C*01:02,C*06:02,DRB1*07:01:01,DRB1*01:03
544,A*02:01,A*29:02,B*57:01,B*45:01,C*06:02,C*06:02,DRB1*04:01:01,DRB1*07:01:01
545,A*02:01,A*24:02,B*40:01,B*40:01,C*03:04,C*03:04,DRB1*01:01,DRB1*04:04
546,A*02:01,A*11:01,B*44:02,B*55:01,C*03:03,C*05:01,DRB1*04:01:01,DRB1*04:07
547,A*02:01,A*68:02,B*44:02,B*35:04,C*04:01,C*05:01,DRB1*01:01,DRB1*13:03
548,A*01:01,A*02:01,B*08:01,B*44:02,C*05:01,C*07:01:01,DRB1*01:02:01,DRB1*03:01:01
549,A*02:01,A*24:02,B*44:02,B*15:01,C*03:03,C*05:01,DRB1*01:01,DRB1*04:01:01
550,A*01:01,A*03:01,B*44:02,B*37:01,C*05:01,C*06:02,DRB1*04:01:01,DRB1*07:01:01
551,A*02:01,A*02:01,B*51:01,B*07:02,C*07:02,C*02:02,DRB1*07:01:01,DRB1*01:01
552,A*01:01,A*03:01,B*07:02,B*08:01,C*07:02,C*07:01:01,DRB1*15:01:01,DRB1*03:01:01
553,A*68:01:02,A*29:02,B*07:02,B*08:01,C*07:02,C*07:01:01,DRB1*15:01:01,DRB1*03:01:01
554,A*01:01,A*02:01,B*07:02,B*08:01,C*07:02,C*07:01:01,DRB1*15:01:01,DRB1*03:01:01
555,A*02:01,A*29:02,B*08:01,B*44:03,C*07:01:01,C*16:01,DRB1*07:01:01,DRB1*03:01:01
556,A*03:01,A*29:02,B*44:03,B*15:01,C*03:04,C*16:01,DRB1*07:01:01,DRB1*08:01
557,A*01:01,A*30:02,B*08:01,B*18:01,C*05:01,C*07:01:01,DRB1*04:04,DRB1*03:01:01
558,A*01:01,A*02:01,B*08:01,B*14:02,C*07:01:01,C*08:02,DRB1*03:01:01,DRB1*13:02
559,A*02:01,A*25:01,B*08:01,B*52:01,C*07:01:01,C*12:02,DRB1*15:02,DRB1*03:01:01
560,A*02:01,A*11:01,B*07:02,B*44:02,C*07:02,C*05:01,DRB1*15:01:01,DRB1*15:01:01
561,A*02:01,A*02:01,B*07:02,B*44:02,C*05:01,C*07:02,DRB1*15:01:01,DRB1*03:01:01
562,A*01:01,A*11:01,B*08:01,B*08:01,C*07:01:01,C*07:01:01,DRB1*03:01:01,DRB1*03:01:01
563,A*01:01,A*03:01,B*08:01,B*35:01,C*04:01,C*07:01:01,DRB1*04:01:01,DRB1*01:01
564,A*02:01,A*02:01,B*44:02,B*40:01,C*03:04,C*05:01,DRB1*04:01:01,DRB1*13:01
565,A*02:01,A*02:01,B*44:02,B*44:02,C*05:01,C*05:01,DRB1*04:01:01,DRB1*13:03
566,A*02:01,A*02:01,B*51:01,B*07:02,C*07:02,C*14:02,DRB1*15:01:01,DRB1*07:01:01
567,A*02:01,A*11:01,B*07:02,B*07:02,C*07:02,C*07:02,DRB1*04:01:01,DRB1*15:01:01
568,A*02:01,A*32:01,B*07:02,B*15:01,C*03:04,C*07:02,DRB1*04:01:01,DRB1*07:01:01
569,A*01:01,A*02:01,B*08:01,B*18:01,C*07:01:01,C*07:01:01,DRB1*15:01:01,DRB1*03:01:01
570,A*02:01,A*25:01,B*58:01,B*18:01,C*07:01:01,C*07:01:01,DRB1*11:04,DRB1*13:03
571,A*11:01,A*11:01,B*07:02,B*44:03,C*04:01,C*07:02,DRB1*04:04,DRB1*07:01:01
572,A*02:01,A*29:02,B*14:02,B*40:01,C*03:04,C*08:02,DRB1*13:02,DRB1*13:02
573,A*02:01,A*31:01:02,B*51:01,B*44:03,C*15:02:01,C*16:01,DRB1*04:05,DRB1*07:01:01
574,A*01:01,A*02:01,B*08:01,B*44:02,C*05:01,C*07:01:01,DRB1*04:01:01,DRB1*03:01:01
575,A*02:01,A*03:01,B*07:02,B*44:02,C*05:01,C*07:02,DRB1*15:01:01,DRB1*04:01:01
576,A*01:01,A*11:01,B*27:05,B*41:01,C*02:02,C*17:01,DRB1*04:04,DRB1*07:01:01
577,A*02:01,A*68:02,B*07:02,B*14:02,C*07:02,C*08:02,DRB1*13:03,DRB1*01:03
578,A*02:01,A*24:02,B*14:01,B*15:01,C*03:03,C*08:02,DRB1*04:04,DRB1*07:01:01
579,A*02:01,A*02:01,B*44:02,B*44:02,C*05:01,C*05:01,DRB1*15:01:01,DRB1*14:01
580,A*01:01,A*24:02,B*13:02,B*18:01,C*06:02,C*07:01:01,DRB1*07:01:01,DRB1*11:04
581,A*01:01,A*24:02,B*35:01,B*48:01,C*04:01,C*08:01,DRB1*04:04,DRB1*11:01
582,A*02:01,A*02:01,B*44:02,B*15:01,C*04:01,C*05:01,DRB1*04:01:01,DRB1*04:01:01
583,A*02:01,A*68:01:02,B*44:02,B*14:01,C*07:04,C*08:02,DRB1*15:01:01,DRB1*04:07
584,A*11:01,A*33:01,B*51:01,B*14:02,C*08:02,C*15:02:01,DRB1*15:01:01,DRB1*01:02:01
585,A*03:01,A*11:01,B*07:02,B*44:03,C*04:01,C*05:01,DRB1*15:01:01,DRB1*07:01:01
586,A*03:01,A*29:02,B*44:03,B*27:05,C*16:01,C*02:02,DRB1*11:01,DRB1*13:02
587,A*01:01,A*29:02,B*08:01,B*18:01,C*07:01:01,C*07:01:01,DRB1*11:04,DRB1*03:01:01
588,A*03:01,A*30:02,B*57:01,B*35:01,C*04:01,C*06:02,DRB1*07:01:01,DRB1*13:03
589,A*02:01,A*03:01,B*07:02,B*39:01,C*07:02,C*12:03,DRB1*15:01:01,DRB1*11:01
590,A*02:01,A*03:01,B*44:02,B*44:03,C*05:01,C*16:01,DRB1*04:01:01,DRB1*07:01:01
591,A*01:01,A*03:01,B*08:01,B*08:01,C*07:01:01,C*07:01:01,DRB1*03:01:01,DRB1*03:01:01
592,A*02:01,A*02:05,B*07:02,B*50:01,C*06:02,C*07:02,DRB1*07:01:01,DRB1*15:01:01
593,A*31:01:02,A*33:01,B*07:02,B*14:02,C*07:02,C*08:02,DRB1*01:01,DRB1*01:02:01
594,A*01:01,A*02:01,B*08:01,B*27:05,C*02:02,C*07:01:01,DRB1*03:01:01,DRB1*13:01
595,A*02:01,A*02:01,B*44:02,B*44:02,C*05:01,C*05:01,DRB1*04:01:01,DRB1*03:01:01
596,A*29:02,A*31:01:02,B*51:01,B*49:01,C*07:01:01,C*15:02:01,DRB1*15:01:01,DRB1*04:05
597,A*02:01,A*02:01,B*44:03,B*27:05,C*01:02,C*16:01,DRB1*07:01:01,DRB1*01:01
598,A*03:01,A*11:01,B*07:02,B*35:01,C*04:01,C*07:02,DRB1*15:01:01,DRB1*04:01:01
599,A*01:01,A*02:01,B*08:01,B*44:02,C*05:01,C*07:01:01,DRB1*12:01,DRB1*03:01:01
600,A*01:01,A*03:01,B*44:02,B*14:01,C*07:04,C*06:02,DRB1*07:01:01,DRB1*13:01
601,A*03:01,A*03:01,B*07:02,B*51:01,C*07:02,C*15:02:01,DRB1*15:01:01,DRB1*04:02
602,A*02:01,A*03:01,B*07:02,B*07:02,C*07:02,C*07:02,DRB1*15:01:01,DRB1*11:03
603,A*11:01,A*68:01:02,B*44:02,B*18:01,C*07:04,C*07:01:01,DRB1*15:01:01,DRB1*07:01:01
604,A*02:01,A*02:01,B*44:02,B*40:01,C*03:04,C*05:01,DRB1*04:01:01,DRB1*13:02
605,A*03:01,A*24:02,B*15:01,B*57:01,C*06:02,C*04:01,DRB1*01:03,DRB1*07:01:01
606,A*01:01,A*02:01,B*07:02,B*08:01,C*07:02,C*07:01:01,DRB1*15:01:01,DRB1*04:04
607,A*02:01,A*03:01,B*14:02,B*57:01,C*06:02,C*08:02,DRB1*07:01:01,DRB1*07:01:01
608,A*11:01,A*30:01,B*08:01,B*13:02,C*06:02,C*07:01:01,DRB1*07:01:01,DRB1*03:01:01
609,A*01:01,A*02:01,B*15:01,B*27:05,C*01:02,C*03:03,DRB1*07:01:01,DRB1*01:01
610,A*03:01,A*11:01,B*07:02,B*55:01,C*03:03,C*07:02,DRB1*15:01:01,DRB1*15:01:01
611,A*01:01,A*01:01,B*08:01,B*35:01,C*04:01,C*07:01:01,DRB1*01:01,DRB1*01:01
612,A*02:01,A*32:01,B*44:02,B*14:01,C*05:01,C*08:02,DRB1*07:01:01,DRB1*13:01
613,A*01:01,A*03:01,B*07:02,B*44:02,C*05:01,C*07:02,DRB1*04:01:01,DRB1*04:01:01
614,A*02:01,A*11:01,B*08:01,B*35:01,C*04:01,C*07:01:01,DRB1*01:03,DRB1*03:01:01
615,A*02:01,A*02:01,B*13:02,B*40:01,C*03:04,C*06:02,DRB1*07:01:01,DRB1*08:01
616,A*01:01,A*30:01,B*08:01,B*13:02,C*06:02,C*07:01:01,DRB1*07:01:01,DRB1*03:01:01
617,A*01:01,A*11:01,B*44:02,B*55:01,C*03:03,C*05:01,DRB1*04:07,DRB1*12:01
618,A*01:01,A*24:02,B*08:01,B*44:02,C*05:01,C*07:01:01,DRB1*03:01:01,DRB1*13:01
619,A*03:01,A*31:01:02,B*07:02,B*35:03,C*04:01,C*07:02,DRB1*04:01:01,DRB1*04:04
620,A*02:01,A*11:01,B*57:01,B*41:01,C*06:02,C*17:01,DRB1*07:01:01,DRB1*07:01:01
621,A*02:01,A*23:01,B*51:01,B*41:01,C*14:02,C*17:01,DRB1*07:01:01,DRB1*11:01
622,A*24:02,A*11:01,B*35:01,B*35:01,C*04:01,C*04:01,DRB1*07:01:01,DRB1*01:01
623,A*01:01,A*02:01,B*14:01,B*57:01,C*06:02,C*08:02,DRB1*07:01:01,DRB1*07:01:01
624,A*02:01,A*68:01:02,B*44:02,B*55:01,C*03:03,C*05:01,DRB1*15:01:01,DRB1*04:01:01
625,A*02:01,A*02:01,B*44:02,B*18:01,C*05:01,C*12:03,DRB1*15:01:01,DRB1*04:01:01
626,A*01:01,A*26:01,B*38:01,B*35:01,C*04:01,C*12:03,DRB1*01:01,DRB1*13:01
627,A*01:01,A*03:01,B*08:01,B*35:01,C*04:01,C*07:01:01,DRB1*01:01,DRB1*03:01:01
628,A*01:01,A*03:01,B*07:02,B*08:01,C*07:02,C*07:01:01,DRB1*04:07,DRB1*03:01:01
629,A*01:01,A*02:05,B*08:01,B*37:01,C*07:01:01,C*06:02,DRB1*15:01:01,DRB1*03:01:01
630,A*02:01,A*32:01,B*45:01,B*27:05,C*01:02,C*06:02,DRB1*04:01:01,DRB1*07:01:01
631,A*01:01,A*29:02,B*07:02,B*37:01,C*06:02,C*07:02,DRB1*15:01:01,DRB1*04:04
632,A*02:01,A*24:02,B*57:01,B*40:01,C*03:04,C*06:02,DRB1*07:01:01,DRB1*13:01
633,A*02:05,A*24:02,B*07:02,B*49:01,C*07:02,C*07:01:01,DRB1*15:01:01,DRB1*04:05
634,A*01:01,A*02:01,B*07:02,B*08:01,C*07:02,C*07:01:01,DRB1*07:01:01,DRB1*03:01:01
635,A*02:01,A*30:01,B*44:03,B*35:01,C*04:01,C*14:03,DRB1*07:01:01,DRB1*01:01
636,A*02:01,A*30:02,B*51:01,B*44:02,C*05:01,C*16:01,DRB1*03:01:01,DRB1*07:01:01
637,A*02:01,A*24:02,B*44:02,B*13:02,C*05:01,C*06:02,DRB1*04:01:01,DRB1*03:01:01
638,A*01:01,A*68:01:02,B*40:01,B*40:01,C*03:04,C*03:04,DRB1*13:02,DRB1*07:01:01
639,A*02:01,A*03:01,B*08:01,B*39:01,C*07:01:01,C*12:03,DRB1*09:01:02,DRB1*03:01:01
640,A*01:01,A*11:01,B*08:01,B*40:01,C*03:04,C*07:01:01,DRB1*04:01:01,DRB1*03:01:01
641,A*30:02,A*31:01:02,B*07:02,B*18:01,C*05:01,C*07:02,DRB1*15:01:01,DRB1*03:01:01
642,A*03:01,A*68:02,B*14:02,B*14:02,C*08:02,C*08:02,DRB1*04:01:01,DRB1*13:03
643,A*02:01,A*29:02,B*44:02,B*44:03,C*05:01,C*16:01,DRB1*07:01:01,DRB1*12:01
644,A*02:01,A*11:01,B*44:02,B*27:05,C*01:02,C*05:01,DRB1*15:01:01,DRB1*11:01
645,A*01:01,A*02:01,B*07:02,B*07:02,C*07:02,C*07:02,DRB1*15:01:01,DRB1*15:01:01
646,A*03:01,A*68:01:02,B*44:02,B*14:02,C*05:01,C*08:02,DRB1*15:01:01,DRB1*04:01:01
647,A*02:01,A*03:01,B*08:01,B*18:01,C*07:01:01,C*07:01:01,DRB1*08:01,DRB1*03:01:01
648,A*01:01,A*02:01,B*08:01,B*38:01,C*07:01:01,C*12:03,DRB1*04:02,DRB1*03:01:01
649,A*03:01,A*68:01:02,B*07:02,B*44:02,C*07:04,C*07:02,DRB1*01:03,DRB1*15:01:01
650,A*02:01,A*03:01,B*44:02,B*15:01,C*03:03,C*05:01,DRB1*01:03,DRB1*04:01:01
651,A*01:01,A*01:01,B*08:01,B*57:01,C*06:02,C*07:01:01,DRB1*07:01:01,DRB1*13:01
652,A*02:01,A*02:01,B*57:01,B*40:01,C*03:04,C*06:02,DRB1*04:04,DRB1*07:01:01
653,A*02:01,A*29:02,B*44:03,B*35:01,C*04:01,C*16:01,DRB1*03:01:01,DRB1*07:01:01
654,A*01:01,A*03:01,B*08:01,B*40:01,C*03:04,C*07:01:01,DRB1*04:04,DRB1*11:01
655,A*01:01,A*01:01,B*08:01,B*08:01,C*07:01:01,C*07:01:01,DRB1*03:01:01,DRB1*03:01:01
656,A*01:01,A*03:01,B*08:01,B*14:02,C*07:01:01,C*08:02,DRB1*04:04,DRB1*13:02
657,A*01:01,A*02:01,B*08:01,B*44:02,C*05:01,C*07:01:01,DRB1*13:02,DRB1*01:01
658,A*01:01,A*32:01,B*08:01,B*40:02,C*02:02,C*07:01:01,DRB1*11:01,DRB1*03:01:01
659,A*02:01,A*03:01,B*44:02,B*15:01,C*03:04,C*05:01,DRB1*04:01:01,DRB1*08:01
660,A*01:01,A*26:01,B*08:01,B*55:01,C*03:03,C*07:01:01,DRB1*01:01,DRB1*14:01
661,A*02:01,A*25:01,B*08:01,B*44:02,C*03:04,C*07:01:01,DRB1*04:01:01,DRB1*03:01:01
662,A*01:01,A*02:01,B*51:01,B*08:01,C*07:01:01,C*15:02:01,DRB1*04:08,DRB1*03:01:01
663,A*01:01,A*29:02,B*44:03,B*44:03,C*16:01,C*16:01,DRB1*07:01:01,DRB1*01:01
664,A*02:01,A*32:01,B*14:01,B*40:01,C*03:04,C*08:02,DRB1*04:01:01,DRB1*07:01:01
665,A*02:01,A*26:01,B*44:02,B*38:01,C*05:01,C*12:03,DRB1*07:01:01,DRB1*03:01:01
666,A*02:01,A*02:01,B*44:02,B*40:01,C*03:04,C*05:01,DRB1*13:01,DRB1*13:02
667,A*01:01,A*24:02,B*13:02,B*15:01,C*03:03,C*06:02,DRB1*01:03,DRB1*07:01:01
668,A*01:01,A*02:01,B*07:02,B*44:02,C*05:01,C*07:02,DRB1*04:07,DRB1*07:01:01
669,A*01:01,A*24:02,B*08:01,B*57:01,C*06:02,C*07:01:01,DRB1*03:01:01,DRB1*07:01:01
670,A*03:01,A*26:01,B*07:02,B*44:02,C*05:01,C*07:02,DRB1*15:01:01,DRB1*12:01
671,A*01:01,A*02:01,B*44:02,B*35:01,C*04:01,C*05:01,DRB1*04:01:01,DRB1*01:03
672,A*24:02,A*66:01,B*44:02,B*35:04,C*05:01,C*17:01,DRB1*11:04,DRB1*01:02:01
673,A*01:01,A*68:02,B*08:01,B*53:01,C*04:01,C*07:01:01,DRB1*03:01:01,DRB1*13:02
674,A*02:01,A*24:02,B*07:02,B*35:08,C*04:01,C*07:02,DRB1*01:03,DRB1*13:03
675,A*01:01,A*31:01:02,B*08:01,B*40:01,C*03:04,C*07:01:01,DRB1*04:04,DRB1*03:01:01
676,A*03:01,A*68:01:02,B*07:02,B*07:02,C*07:02,C*07:02,DRB1*15:01:01,DRB1*13:01
677,A*03:01,A*11:01,B*44:03,B*27:05,C*01:02,C*16:01,DRB1*07:01:01,DRB1*01:03
678,A*03:01,A*03:01,B*07:02,B*07:02,C*07:02,C*07:02,DRB1*15:01:01,DRB1*04:07
679,A*01:01,A*01:01,B*08:01,B*08:01,C*07:01:01,C*07:01:01,DRB1*03:01:01,DRB1*03:01:01
680,A*01:01,A*02:01,B*07:02,B*08:01,C*07:02,C*07:01:01,DRB1*15:01:01,DRB1*03:01:01
681,A*11:01,A*11:01,B*14:01,B*55:01,C*03:03,C*08:02,DRB1*04:07,DRB1*07:01:01
682,A*02:01,A*03:01,B*07:02,B*14:02,C*07:02,C*08:02,DRB1*13:02,DRB1*15:01:01
683,A*03:01,A*03:01,B*44:02,B*35:01,C*04:01,C*07:02,DRB1*04:01:01,DRB1*01:03
685,A*31:01:02,A*32:01,B*08:01,B*40:01,C*03:04,C*07:01:01,DRB1*03:01:01,DRB1*03:01:01
686,A*02:01,A*03:01,B*07:02,B*13:02,C*06:02,C*07:02,DRB1*15:01:01,DRB1*07:01:01
687,A*01:01,A*30:01,B*57:01,B*35:01,C*04:01,C*06:02,DRB1*07:01:01,DRB1*01:01
688,A*68:01:02,A*33:03,B*44:02,B*58:01,C*03:02,C*07:04,DRB1*13:02,DRB1*13:02
689,A*01:01,A*03:01,B*07:02,B*08:01,C*07:02,C*07:01:01,DRB1*03:01:01,DRB1*15:01:01
690,A*01:01,A*02:01,B*08:01,B*15:01,C*03:04,C*07:01:01,DRB1*04:01:01,DRB1*03:01:01
691,A*03:01,A*31:01:02,B*07:02,B*44:02,C*05:01,C*07:02,DRB1*15:01:01,DRB1*04:01:01
692,A*03:01,A*11:01,B*44:02,B*57:01,C*05:01,C*06:02,DRB1*04:01:01,DRB1*07:01:01
693,A*02:01,A*68:01:02,B*14:02,B*49:01,C*08:02,C*07:01:01,DRB1*07:01:01,DRB1*13:02
694,A*02:01,A*11:01,B*07:02,B*35:01,C*04:01,C*07:02,DRB1*01:03,DRB1*15:01:01
695,A*02:01,A*29:02,B*44:03,B*15:01,C*03:03,C*16:01,DRB1*15:01:01,DRB1*04:01:01
696,A*24:02,A*29:02,B*44:02,B*15:24,C*03:03,C*16:01,DRB1*01:01,DRB1*13:01
697,A*02:01,A*68:02,B*14:02,B*57:01,C*06:02,C*08:02,DRB1*04:04,DRB1*13:03
698,A*03:01,A*24:02,B*39:06,B*35:01,C*04:01,C*07:02,DRB1*01:01,DRB1*13:01
699,A*02:01,A*25:01,B*08:01,B*18:01,C*07:01:01,C*12:03,DRB1*15:01:01,DRB1*03:01:01
700,A*02:01,A*24:02,B*07:02,B*57:01,C*07:02,C*06:02,DRB1*15:01:01,DRB1*07:01:01
701,A*03:01,A*03:01,B*07:02,B*14:01,C*07:02,C*08:02,DRB1*04:07,DRB1*04:07
702,A*02:01,A*03:01,B*07:02,B*07:02,C*07:02,C*07:02,DRB1*15:01:01,DRB1*14:01
703,A*01:01,A*32:01,B*08:01,B*14:01,C*07:01:01,C*08:02,DRB1*07:01:01,DRB1*03:01:01
704,A*01:01,A*02:01,B*08:01,B*44:02,C*05:01,C*07:01:01,DRB1*04:01:01,DRB1*03:01:01
705,A*02:01,A*02:01,B*07:02,B*40:01,C*03:04,C*07:02,DRB1*01:01,DRB1*01:03
706,A*26:01,A*11:01,B*07:02,B*38:01,C*07:02,C*12:03,DRB1*15:01:01,DRB1*15:01:01
707,A*01:01,A*32:01,B*14:01,B*08:01,C*08:02,C*07:01:01,DRB1*07:01:01,DRB1*03:01:01
708,A*24:02,A*32:01,B*15:01,B*35:01,C*03:03,C*04:01,DRB1*01:03,DRB1*13:01
709,A*01:01,A*68:02,B*14:02,B*37:01,C*06:02,C*08:02,DRB1*13:01,DRB1*10:01
710,A*02:01,A*03:01,B*07:02,B*08:01,C*07:02,C*07:01:01,DRB1*03:01:01,DRB1*11:01
711,A*01:01,A*24:02,B*08:01,B*35:03,C*07:01:01,C*12:03,DRB1*03:01:01,DRB1*14:01
712,A*02:01,A*26:01,B*07:02,B*14:01,C*07:02,C*08:02,DRB1*15:01:01,DRB1*07:01:01
713,A*01:01,A*03:01,B*37:01,B*40:01,C*03:04,C*06:02,DRB1*15:01:01,DRB1*13:01
714,A*01:01,A*03:01,B*08:01,B*35:01,C*04:01,C*07:01:01,DRB1*15:01:01,DRB1*01:03
715,A*02:01,A*11:01,B*07:02,B*40:01,C*03:04,C*07:02,DRB1*04:01:01,DRB1*13:02
716,A*01:01,A*03:01,B*07:02,B*08:01,C*07:02,C*07:01:01,DRB1*15:01:01,DRB1*03:01:01
717,A*24:02,A*26:01,B*51:01,B*15:01,C*01:02,C*03:03,DRB1*09:01:02,DRB1*01:01
718,A*01:01,A*02:01,B*40:01,B*35:01,C*03:04,C*07:01:01,DRB1*01:01,DRB1*13:02
719,A*01:01,A*02:01,B*08:01,B*44:02,C*05:01,C*07:01:01,DRB1*03:01:01,DRB1*11:01
720,A*01:01,A*02:05,B*07:02,B*35:01,C*04:01,C*07:02,DRB1*15:01:01,DRB1*15:01:01
721,A*01:01,A*11:01,B*07:02,B*07:02,C*07:02,C*07:02,DRB1*04:04,DRB1*01:01
722,A*01:01,A*31:01:02,B*58:01,B*39:01,C*07:01:01,C*12:03,DRB1*04:08,DRB1*13:03
723,A*01:01,A*30:02,B*08:01,B*18:01,C*05:01,C*07:01:01,DRB1*03:01:01,DRB1*03:01:01
724,A*01:01,A*02:05,B*44:03,B*48:01,C*12:03,C*16:01,DRB1*07:01:01,DRB1*07:01:01
725,A*11:01,A*29:02,B*44:03,B*55:01,C*03:03,C*16:01,DRB1*04:07,DRB1*07:01:01
726,A*02:01,A*03:01,B*51:01,B*14:02,C*08:02,C*14:02,DRB1*15:01:01,DRB1*13:02
727,A*01:01,A*24:02,B*07:02,B*57:01,C*06:02,C*07:02,DRB1*15:01:01,DRB1*07:01:01
728,A*02:01,A*02:01,B*15:01,B*40:02,C*03:03,C*02:02,DRB1*15:01:01,DRB1*13:02
729,A*25:01,A*29:02,B*08:01,B*44:03,C*07:01:01,C*16:01,DRB1*07:01:01,DRB1*03:01:01
730,A*02:01,A*31:01:02,B*08:01,B*40:01,C*03:04,C*07:01:01,DRB1*04:01:01,DRB1*03:01:01
731,A*24:02,A*26:01,B*14:02,B*56:01,C*01:02,C*08:02,DRB1*01:02:01,DRB1*11:01
732,A*01:01,A*02:01,B*07:02,B*13:02,C*06:02,C*07:02,DRB1*15:01:01,DRB1*04:01:01
733,A*25:01,A*29:02,B*08:01,B*08:01,C*07:01:01,C*07:01:01,DRB1*11:04,DRB1*03:01:01
734,A*24:02,A*11:01,B*07:02,B*35:01,C*04:01,C*07:02,DRB1*15:01:01,DRB1*01:03
735,A*01:01,A*30:01,B*13:02,B*40:01,C*03:04,C*06:02,DRB1*04:04,DRB1*07:01:01
736,A*01:01,A*02:01,B*08:01,B*44:02,C*05:01,C*07:01:01,DRB1*04:01:01,DRB1*03:01:01
737,A*01:01,A*02:01,B*07:02,B*44:02,C*05:01,C*07:02,DRB1*15:01:01,DRB1*11:04
738,A*02:01,A*02:01,B*44:02,B*40:01,C*03:04,C*05:01,DRB1*07:01:01,DRB1*13:02
739,A*03:01,A*11:01,B*44:02,B*27:05,C*05:01,C*02:02,DRB1*04:01:01,DRB1*01:01
740,A*02:01,A*30:01,B*07:02,B*13:02,C*06:02,C*07:02,DRB1*15:01:01,DRB1*07:01:01
741,A*01:01,A*11:01,B*57:01,B*40:01,C*03:04,C*06:02,DRB1*07:01:01,DRB1*13:01
742,A*02:01,A*32:01,B*08:01,B*35:01,C*04:01,C*07:01:01,DRB1*03:01:01,DRB1*01:03
743,A*02:01,A*26:01,B*44:02,B*13:02,C*05:01,C*07:01:01,DRB1*07:01:01,DRB1*08:03:02
744,A*01:01,A*31:01:02,B*08:01,B*40:01,C*03:04,C*07:01:01,DRB1*04:01:01,DRB1*04:04
745,A*02:01,A*29:02,B*08:01,B*44:03,C*07:01:01,C*16:01,DRB1*07:01:01,DRB1*03:01:01
746,A*01:01,A*02:01,B*07:02,B*13:02,C*06:02,C*07:02,DRB1*15:01:01,DRB1*04:01:01
747,A*02:01,A*68:01:02,B*44:02,B*40:01,C*03:04,C*05:01,DRB1*04:01:01,DRB1*07:01:01
748,A*02:01,A*02:01,B*08:01,B*18:01,C*07:01:01,C*12:03,DRB1*15:01:01,DRB1*11:04
749,A*11:01,A*29:02,B*14:02,B*35:01,C*04:01,C*08:02,DRB1*13:02,DRB1*01:01
750,A*11:01,A*30:01,B*13:02,B*55:01,C*03:03,C*06:02,DRB1*15:01:01,DRB1*01:01
751,A*32:01,A*32:01,B*08:01,B*14:01,C*07:01:01,C*08:02,DRB1*03:01:01,DRB1*01:01
752,A*02:01,A*68:02,B*44:02,B*53:01,C*04:01,C*05:01,DRB1*13:02,DRB1*01:01
753,A*02:01,A*24:02,B*07:02,B*35:08,C*04:01,C*07:02,DRB1*01:03,DRB1*13:03
754,A*03:01,A*68:01:02,B*07:02,B*44:02,C*07:04,C*07:02,DRB1*11:01,DRB1*11:03
755,A*03:01,A*32:01,B*07:02,B*40:02,C*07:02,C*02:02,DRB1*04:04,DRB1*13:01
756,A*02:01,A*68:01:02,B*51:01,B*44:02,C*05:01,C*15:02:01,DRB1*04:01:01,DRB1*04:02
757,A*02:01,A*02:01,B*44:03,B*40:01,C*03:04,C*04:01,DRB1*04:01:01,DRB1*07:01:01
758,A*01:01,A*03:01,B*14:01,B*57:01,C*06:02,C*08:02,DRB1*15:01:01,DRB1*07:01:01
759,A*01:01,A*33:01,B*08:01,B*14:02,C*07:01:01,C*08:02,DRB1*15:01:01,DRB1*01:02:01
760,A*01:01,A*29:02,B*07:02,B*44:03,C*07:02,C*16:01,DRB1*14:01,DRB1*15:01:01
761,A*01:01,A*02:01,B*44:02,B*40:01,C*03:04,C*05:01,DRB1*04:01:01,DRB1*07:01:01
762,A*32:01,A*34:02,B*15:01,B*44:02,C*03:03,C*05:01,DRB1*04:01:01,DRB1*11:01
763,A*03:01,A*11:01,B*14:02,B*35:01,C*04:01,C*08:02,DRB1*04:01:01,DRB1*03:01:01
764,A*03:01,A*26:01,B*07:02,B*15:01,C*03:03,C*07:02,DRB1*07:01:01,DRB1*15:01:01
765,A*01:01,A*25:01,B*14:02,B*37:01,C*06:02,C*08:02,DRB1*15:01:01,DRB1*15:01:01
766,A*02:01,A*03:01,B*08:01,B*44:02,C*05:01,C*07:01:01,DRB1*04:01:01,DRB1*03:01:01
767,A*01:01,A*02:01,B*07:02,B*37:01,C*06:02,C*07:02,DRB1*15:01:01,DRB1*10:01
768,A*03:01,A*68:01:02,B*07:02,B*44:02,C*03:04,C*07:04,DRB1*04:07,DRB1*10:01
769,A*02:01,A*03:01,B*44:02,B*44:03,C*05:01,C*16:01,DRB1*04:01:01,DRB1*07:01:01
770,A*02:01,A*23:01,B*44:02,B*49:01,C*05:01,C*07:01:01,DRB1*15:01:01,DRB1*11:01
771,A*02:01,A*30:02,B*14:01,B*18:01,C*05:01,C*08:02,DRB1*07:01:01,DRB1*03:01:01
772,A*02:01,A*03:01,B*07:02,B*40:01,C*03:04,C*07:02,DRB1*15:01:01,DRB1*03:01:01
773,A*11:01,A*31:01:02,B*44:02,B*40:01,C*03:04,C*05:01,DRB1*04:04,DRB1*04:04
774,A*01:01,A*02:01,B*08:01,B*57:01,C*06:02,C*07:01:01,DRB1*03:01:01,DRB1*07:01:01
775,A*01:01,A*02:01,B*08:01,B*44:02,C*05:01,C*07:01:01,DRB1*15:01:01,DRB1*03:01:01
776,A*02:01,A*03:01,B*44:02,B*27:05,C*02:02,C*05:01,DRB1*15:01:01,DRB1*12:01
777,A*02:01,A*24:02,B*07:02,B*35:01,C*04:01,C*07:02,DRB1*01:03,DRB1*01:03
778,A*01:01,A*02:01,B*08:01,B*44:02,C*05:01,C*07:01:01,DRB1*04:01:01,DRB1*04:04
779,A*31:01:02,A*33:03,B*27:02,B*40:01,C*02:02,C*03:04,DRB1*04:04,DRB1*11:01
780,A*02:01,A*03:01,B*44:03,B*37:01,C*06:02,C*07:02,DRB1*15:01:01,DRB1*07:01:01
781,A*02:01,A*03:01,B*27:05,B*47:01,C*01:02,C*06:02,DRB1*13:01,DRB1*13:01
782,A*29:02,A*33:01,B*35:08,B*45:01,C*06:02,C*08:02,DRB1*15:01:01,DRB1*04:01:01
783,A*31:01:02,A*33:01,B*14:02,B*40:01,C*03:04,C*08:02,DRB1*04:04,DRB1*01:02:01
784,A*02:01,A*11:01,B*15:01,B*35:01,C*03:04,C*04:01,DRB1*04:01:01,DRB1*13:01
785,A*02:01,A*11:01,B*07:02,B*44:02,C*05:01,C*07:02,DRB1*15:01:01,DRB1*15:01:01
786,A*02:01,A*02:01,B*08:01,B*51:01,C*07:01:01,C*15:02:01,DRB1*08:01,DRB1*03:01:01
787,A*24:02,A*11:01,B*08:01,B*35:01,C*04:01,C*07:01:01,DRB1*03:01:01,DRB1*01:03
788,A*01:01,A*03:01,B*08:01,B*35:01,C*04:01,C*07:01:01,DRB1*01:01,DRB1*04:01:01
789,A*02:01,A*03:01,B*08:01,B*44:02,C*05:01,C*07:01:01,DRB1*03:01:01,DRB1*13:01
790,A*02:01,A*29:02,B*44:02,B*44:03,C*05:01,C*16:01,DRB1*07:01:01,DRB1*04:01:01
791,A*02:01,A*25:01,B*18:01,B*27:05,C*01:02,C*12:03,DRB1*08:01,DRB1*01:01
792,A*02:01,A*03:01,B*07:02,B*44:02,C*05:01,C*07:02,DRB1*04:01:01,DRB1*04:01:01
793,A*02:01,A*32:01,B*15:01,B*49:01,C*03:03,C*07:01:01,DRB1*04:01:01,DRB1*11:01
794,A*01:01,A*02:05,B*08:01,B*44:02,C*05:01,C*07:01:01,DRB1*04:01:01,DRB1*03:01:01
795,A*01:01,A*24:02,B*07:02,B*39:06,C*07:02,C*07:02,DRB1*04:07,DRB1*01:01
796,A*01:01,A*03:01,B*07:02,B*07:02,C*03:03,C*07:02,DRB1*07:01:01,DRB1*01:01
797,A*24:02,A*68:02,B*14:02,B*15:01,C*03:03,C*08:02,DRB1*15:01:01,DRB1*13:03
798,A*03:01,A*11:01,B*07:02,B*14:01,C*07:02,C*08:02,DRB1*15:01:01,DRB1*07:01:01
799,A*02:01,A*11:01,B*35:01,B*07:02,C*04:01,C*07:02,DRB1*07:01:01,DRB1*15:01:01
800,A*02:01,A*02:01,B*14:01,B*14:02,C*08:02,C*08:02,DRB1*15:01:01,DRB1*07:01:01
801,A*02:01,A*03:01,B*07:02,B*40:01,C*03:04,C*07:02,DRB1*15:01:01,DRB1*13:02
802,A*02:01,A*11:01,B*51:01,B*51:01,C*01:02,C*04:01,DRB1*04:01:01,DRB1*04:04
803,A*29:02,A*31:01:02,B*45:01,B*40:01,C*03:04,C*06:02,DRB1*04:01:01,DRB1*04:04
804,A*03:01,A*68:01:01,B*07:02,B*14:02,C*07:02,C*08:02,DRB1*15:01:01,DRB1*13:02
805,A*01:01,A*03:01,B*08:01,B*40:01,C*07:01:01,C*07:01:01,DRB1*04:01:01,DRB1*03:01:01
806,A*02:01,A*03:01,B*07:02,B*50:01,C*06:02,C*07:02,DRB1*03:01:01,DRB1*15:01:01
807,A*01:01,A*02:01,B*07:02,B*08:01,C*07:02,C*07:01:01,DRB1*11:01,DRB1*03:01:01
808,A*03:01,A*30:01,B*08:01,B*13:02,C*06:02,C*07:01:01,DRB1*07:01:01,DRB1*03:01:01
809,A*02:01,A*02:01,B*51:01,B*07:02,C*04:01,C*07:02,DRB1*07:01:01,DRB1*08:01
810,A*02:01,A*02:01,B*44:02,B*39:06,C*05:01,C*07:02,DRB1*15:01:01,DRB1*04:01:01
811,A*01:01,A*32:01,B*14:01,B*57:01,C*08:02,C*06:02,DRB1*04:01:01,DRB1*07:01:01
812,A*29:02,A*31:01:02,B*07:02,B*44:03,C*07:02,C*16:01,DRB1*01:01,DRB1*07:01:01
813,A*24:02,A*25:01,B*18:01,B*41:01,C*12:03,C*17:01,DRB1*15:01:01,DRB1*10:01
814,A*02:01,A*03:01,B*44:02,B*57:01,C*05:01,C*06:02,DRB1*04:05,DRB1*01:03
815,A*02:01,A*03:02,B*13:02,B*40:01,C*03:04,C*06:02,DRB1*04:01:01,DRB1*07:01:01
816,A*03:01,A*29:02,B*07:02,B*44:03,C*07:02,C*16:01,DRB1*15:01:01,DRB1*07:01:01
817,A*02:01,A*11:01,B*51:01,B*07:02,C*07:02,C*15:02:01,DRB1*01:03,DRB1*13:01
818,A*02:01,A*02:01,B*40:01,B*40:01,C*03:04,C*03:04,DRB1*04:01:01,DRB1*08:01
819,A*23:01,A*29:02,B*44:03,B*44:03,C*04:01,C*16:01,DRB1*07:01:01,DRB1*07:01:01
820,A*01:01,A*03:01,B*07:02,B*08:01,C*07:02,C*07:01:01,DRB1*04:04,DRB1*03:01:01
821,A*01:01,A*32:01,B*08:01,B*55:01,C*07:04,C*07:01:01,DRB1*04:01:01,DRB1*03:01:01
822,A*03:01,A*30:01,B*44:02,B*14:02,C*05:01,C*08:02,DRB1*04:01:01,DRB1*13:02
823,A*01:01,A*01:01,B*08:01,B*08:01,C*07:01:01,C*07:01:01,DRB1*03:01:01,DRB1*13:01
824,A*03:01,A*11:01,B*27:02,B*35:01,C*02:02,C*04:01,DRB1*01:01,DRB1*13:01
825,A*02:01,A*02:01,B*08:01,B*40:01,C*03:04,C*07:01:01,DRB1*01:01,DRB1*07:01:01
826,A*11:01,A*29:02,B*44:03,B*55:01,C*03:03,C*16:01,DRB1*01:01,DRB1*04:01:01
827,A*01:01,A*02:01,B*08:01,B*35:01,C*04:01,C*07:01:01,DRB1*01:01,DRB1*03:01:01
828,A*01:01,A*01:01,B*08:01,B*08:01,C*07:01:01,C*07:01:01,DRB1*03:01:01,DRB1*03:01:01
829,A*02:01,A*03:01,B*07:02,B*07:02,C*07:02,C*07:02,DRB1*15:01:01,DRB1*15:01:01
830,A*02:01,A*02:01,B*13:02,B*27:05,C*06:02,C*02:02,DRB1*15:01:01,DRB1*07:01:01
831,A*02:01,A*24:02,B*51:01,B*40:02,C*01:02,C*02:02,DRB1*15:01:01,DRB1*11:01
832,A*03:01,A*03:01,B*15:01,B*07:06,C*03:03,C*15:05,DRB1*04:01:01,DRB1*11:01
833,A*02:01,A*02:01,B*07:02,B*44:02,C*05:01,C*07:02,DRB1*15:01:01,DRB1*15:01:01
834,A*02:01,A*03:01,B*07:02,B*37:01,C*06:02,C*07:02,DRB1*15:01:01,DRB1*15:01:01
835,A*02:01,A*11:01,B*44:02,B*44:02,C*05:01,C*07:04,DRB1*04:01:01,DRB1*11:01
836,A*01:01,A*02:01,B*57:01,B*27:05,C*01:02,C*06:02,DRB1*07:01:01,DRB1*01:03
837,A*02:01,A*68:01:02,B*07:02,B*44:02,C*05:01,C*07:02,DRB1*15:01:01,DRB1*04:01:01
838,A*01:01,A*68:02,B*14:02,B*40:01,C*03:04,C*08:02,DRB1*15:01:01,DRB1*13:03
839,A*02:01,A*26:01,B*07:02,B*44:03,C*07:02,C*16:01,DRB1*15:01:01,DRB1*07:01:01
840,A*01:01,A*11:01,B*38:01,B*18:01,C*07:01:01,C*12:03,DRB1*04:03:01,DRB1*13:01
841,A*02:01,A*11:01,B*07:02,B*44:02,C*05:01,C*07:02,DRB1*04:01:01,DRB1*04:04
842,A*02:01,A*29:02,B*07:02,B*15:01,C*03:03,C*07:02,DRB1*15:01:01,DRB1*04:01:01
843,A*02:01,A*03:01,B*07:02,B*44:02,C*05:01,C*07:02,DRB1*01:01,DRB1*15:01:01
844,A*01:01,A*03:01,B*07:02,B*57:01,C*06:02,C*07:02,DRB1*07:01:01,DRB1*07:01:01
845,A*02:01,A*24:02,B*07:02,B*15:07,C*03:03,C*07:02,DRB1*04:04,DRB1*04:07
846,A*02:01,A*11:01,B*44:02,B*44:02,C*05:01,C*05:01,DRB1*04:01:01,DRB1*04:01:01
847,A*02:01,A*02:01,B*15:01,B*15:01,C*03:03,C*03:04,DRB1*04:01:01,DRB1*11:04
848,A*03:01,A*03:01,B*07:02,B*07:02,C*07:02,C*07:02,DRB1*15:01:01,DRB1*15:01:01
849,A*01:01,A*03:02,B*08:01,B*44:02,C*07:01:01,C*05:01,DRB1*04:01:01,DRB1*03:01:01
850,A*02:01,A*30:02,B*07:02,B*39:01,C*07:02,C*12:03,DRB1*15:01:01,DRB1*07:01:01
851,A*02:05,A*29:02,B*44:03,B*49:01,C*07:01:01,C*16:01,DRB1*07:01:01,DRB1*03:01:01
852,A*03:01,A*68:01:01,B*14:02,B*35:03,C*04:01,C*08:02,DRB1*13:01,DRB1*13:02
853,A*02:01,A*02:01,B*44:02,B*18:01,C*05:01,C*07:01:01,DRB1*11:04,DRB1*01:01
854,A*02:05,A*31:01:02,B*51:01,B*50:01,C*06:02,C*15:02:01,DRB1*04:04,DRB1*07:01:01
855,A*01:01,A*03:01,B*44:02,B*14:02,C*05:01,C*08:02,DRB1*07:01:01,DRB1*01:01
856,A*01:01,A*02:01,B*44:02,B*37:01,C*05:01,C*06:02,DRB1*10:01,DRB1*01:01
857,A*01:01,A*24:02,B*08:01,B*44:02,C*07:01:01,C*16:04:01,DRB1*07:01:01,DRB1*03:01:01
858,A*03:01,A*11:01,B*35:01,B*35:01,C*04:01,C*04:01,DRB1*04:01:01,DRB1*03:01:01
859,A*01:01,A*02:01,B*08:01,B*18:01,C*07:01:01,C*07:01:01,DRB1*11:04,DRB1*03:01:01
860,A*02:01,A*03:01,B*44:02,B*15:01,C*04:01,C*05:01,DRB1*04:01:01,DRB1*08:01
861,A*01:01,A*30:02,B*08:01,B*14:02,C*07:01:01,C*08:02,DRB1*03:01:01,DRB1*08:06
862,A*01:01,A*03:01,B*15:01,B*18:01,C*03:03,C*12:03,DRB1*15:01:01,DRB1*11:01
863,A*29:02,A*29:02,B*51:01,B*39:06,C*01:02,C*07:02,DRB1*04:04,DRB1*08:01
864,A*03:01,A*29:02,B*13:02,B*50:01,C*06:02,C*06:02,DRB1*07:01:01,DRB1*08:06
865,A*02:01,A*02:01,B*40:01,B*44:02,C*03:04,C*05:01,DRB1*04:01:01,DRB1*07:01:01
866,A*01:01,A*02:01,B*44:02,B*57:01,C*05:01,C*06:02,DRB1*15:01:01,DRB1*07:01:01
867,A*02:01,A*02:01,B*07:02,B*44:02,C*05:01,C*07:02,DRB1*15:01:01,DRB1*01:01
868,A*02:01,A*68:01:02,B*44:02,B*44:02,C*05:01,C*07:04,DRB1*04:01:01,DRB1*01:01
869,A*01:01,A*02:01,B*08:01,B*14:01,C*07:01:01,C*08:02,DRB1*07:01:01,DRB1*11:01
870,A*02:01,A*03:01,B*07:02,B*39:01,C*07:02,C*07:02,DRB1*15:01:01,DRB1*08:01
871,A*02:01,A*02:01,B*49:01,B*37:01,C*06:02,C*07:01:01,DRB1*10:01,DRB1*11:01
872,A*02:01,A*02:01,B*44:02,B*44:02,C*05:01,C*05:01,DRB1*04:01:01,DRB1*09:01:02
873,A*01:01,A*02:01,B*07:02,B*08:01,C*07:02,C*07:01:01,DRB1*15:01:01,DRB1*01:01
874,A*01:01,A*23:01,B*08:01,B*44:03,C*04:01,C*07:01:01,DRB1*07:01:01,DRB1*09:01:02
875,A*02:01,A*24:02,B*07:02,B*35:01,C*05:01,C*07:02,DRB1*12:01,DRB1*14:01
876,A*02:01,A*68:01:02,B*07:02,B*44:02,C*07:02,C*07:04,DRB1*04:04,DRB1*11:01
877,A*01:01,A*25:01,B*35:03,B*18:01,C*04:01,C*12:03,DRB1*04:01:01,DRB1*04:01:01
878,A*01:01,A*24:02,B*08:01,B*39:06,C*07:02,C*07:01:01,DRB1*15:01:01,DRB1*03:01:01
879,A*01:01,A*03:01,B*07:02,B*41:01,C*07:02,C*17:01,DRB1*15:01:01,DRB1*07:01:01
880,A*24:02,A*29:02,B*44:03,B*15:01,C*03:03,C*16:01,DRB1*01:01,DRB1*13:01
881,A*29:02,A*29:02,B*07:02,B*44:03,C*07:02,C*16:01,DRB1*15:01:01,DRB1*01:03
882,A*02:01,A*26:01,B*07:02,B*45:01,C*06:02,C*07:02,DRB1*07:01:01,DRB1*07:01:01
883,A*01:01,A*11:01,B*51:01,B*53:01,C*04:01,C*04:01,DRB1*07:01:01,DRB1*14:01
884,A*23:01,A*31:01:02,B*44:03,B*37:01,C*04:01,C*06:02,DRB1*01:01,DRB1*07:01:01
885,A*23:01,A*29:02,B*44:03,B*44:03,C*04:01,C*16:01,DRB1*15:01:01,DRB1*07:01:01
886,A*01:01,A*02:01,B*08:01,B*44:02,C*05:01,C*07:01:01,DRB1*04:01:01,DRB1*03:01:01
887,A*01:01,A*02:01,B*08:01,B*15:01,C*04:01,C*07:01:01,DRB1*01:01,DRB1*03:01:01
888,A*30:02,A*31:01:02,B*18:01,B*40:01,C*03:04,C*05:01,DRB1*04:04,DRB1*14:01
889,A*24:02,A*11:01,B*55:01,B*40:01,C*03:03,C*03:04,DRB1*04:04,DRB1*04:07
890,A*11:01,A*11:01,B*35:01,B*35:01,C*04:01,C*04:01,DRB1*01:01,DRB1*01:03
891,A*01:01,A*01:01,B*14:02,B*57:01,C*06:02,C*08:02,DRB1*15:01:01,DRB1*07:01:01
892,A*02:05,A*03:01,B*07:02,B*15:03,C*07:02,C*12:03,DRB1*15:01:01,DRB1*07:01:01
893,A*01:01,A*01:01,B*08:01,B*55:01,C*03:03,C*07:01:01,DRB1*04:07,DRB1*03:01:01
894,A*01:01,A*02:01,B*07:02,B*08:01,C*07:02,C*07:01:01,DRB1*15:01:01,DRB1*03:01:01
895,A*02:01,A*03:01,B*07:02,B*58:01,C*03:02,C*07:02,DRB1*15:01:01,DRB1*13:02
896,A*01:01,A*68:01:01,B*08:01,B*45:01,C*06:02,C*07:01:01,DRB1*04:01:01,DRB1*04:01:01
897,A*01:01,A*02:01,B*07:02,B*07:02,C*07:02,C*07:02,DRB1*04:04,DRB1*15:01:01
898,A*02:01,A*02:01,B*08:01,B*40:01,C*03:04,C*07:01:01,DRB1*03:01:01,DRB1*01:01
899,A*01:01,A*02:01,B*07:02,B*55:01,C*03:03,C*07:02,DRB1*15:01:01,DRB1*04:01:01
900,A*02:01,A*24:02,B*37:01,B*40:01,C*03:04,C*06:02,DRB1*15:01:01,DRB1*13:01
901,A*23:01,A*31:01:02,B*44:03,B*37:01,C*04:01,C*06:02,DRB1*01:01,DRB1*07:01:01
902,A*11:01,A*32:01,B*44:02,B*27:05,C*02:02,C*05:01,DRB1*03:01:01,DRB1*01:01
903,A*01:01,A*03:01,B*07:02,B*13:02,C*07:02,C*06:02,DRB1*07:01:01,DRB1*07:01:01
904,A*03:01,A*24:02,B*07:02,B*15:01,C*03:03,C*07:02,DRB1*15:01:01,DRB1*11:01
905,A*02:01,A*31:01:02,B*08:01,B*18:01,C*07:01:01,C*12:03,DRB1*15:01:01,DRB1*03:01:01
906,A*01:01,A*24:02,B*08:01,B*40:01,C*03:04,C*07:01:01,DRB1*04:04,DRB1*03:01:01
907,A*03:01,A*11:01,B*07:02,B*07:02,C*07:02,C*07:02,DRB1*15:01:01,DRB1*15:01:01
908,A*02:01,A*68:01:02,B*44:02,B*39:01,C*05:01,C*07:02,DRB1*11:04,DRB1*11:04
909,A*26:01,A*68:01:02,B*44:02,B*38:01,C*07:04,C*12:03,DRB1*15:01:01,DRB1*13:01
910,A*02:01,A*02:01,B*44:03,B*40:01,C*03:04,C*04:01,DRB1*08:03:02,DRB1*09:01:02
911,A*02:01,A*02:01,B*07:02,B*44:02,C*05:01,C*07:02,DRB1*04:01:01,DRB1*15:01:01
912,A*01:01,A*03:01,B*07:02,B*08:01,C*07:02,C*07:01:01,DRB1*03:01:01,DRB1*01:01
913,A*01:01,A*01:01,B*52:01,B*08:01,C*07:01:01,C*12:02,DRB1*03:01:01,DRB1*13:01
914,A*11:01,A*68:01:02,B*14:02,B*35:01,C*04:01,C*08:02,DRB1*13:02,DRB1*08:03:02
915,A*01:01,A*29:02,B*07:02,B*44:03,C*07:02,C*16:01,DRB1*15:01:01,DRB1*15:01:01
916,A*01:01,A*02:01,B*07:02,B*44:03,C*04:01,C*07:02,DRB1*15:01:01,DRB1*03:01:01
917,A*01:01,A*02:01,B*44:02,B*37:01,C*05:01,C*06:02,DRB1*04:01:01,DRB1*11:01
918,A*01:01,A*03:01,B*14:02,B*37:01,C*06:02,C*08:02,DRB1*11:01,DRB1*13:01
919,A*02:05,A*29:02,B*07:02,B*44:03,C*07:02,C*16:01,DRB1*03:01:01,DRB1*07:01:01
920,A*01:01,A*02:01,B*07:02,B*44:02,C*07:02,C*05:01,DRB1*15:02,DRB1*03:01:01
921,A*01:01,A*01:01,B*07:02,B*57:01,C*06:02,C*07:02,DRB1*07:01:01,DRB1*01:01
922,A*01:01,A*25:01,B*18:01,B*55:01,C*03:03,C*12:03,DRB1*15:01:01,DRB1*04:07
923,A*02:01,A*02:01,B*44:02,B*44:03,C*05:01,C*16:01,DRB1*15:01:01,DRB1*07:01:01
924,A*24:02,A*29:02,B*44:03,B*15:01,C*03:03,C*16:01,DRB1*07:01:01,DRB1*13:01
925,A*02:01,A*11:01,B*07:02,B*44:02,C*05:01,C*07:02,DRB1*15:01:01,DRB1*04:01:01
926,A*01:01,A*11:01,B*15:01,B*55:01,C*03:03,C*03:03,DRB1*15:01:01,DRB1*14:01
927,A*01:01,A*02:01,B*08:01,B*44:02,C*05:01,C*07:01:01,DRB1*01:01,DRB1*04:04
928,A*02:01,A*11:01,B*15:01,B*40:01,C*03:03,C*03:04,DRB1*04:01:01,DRB1*01:01
929,A*01:01,A*29:02,B*07:02,B*44:03,C*07:02,C*16:01,DRB1*07:01:01,DRB1*01:01
930,A*02:01,A*03:01,B*07:02,B*44:02,C*05:01,C*07:02,DRB1*01:01,DRB1*04:04
931,A*02:01,A*03:01,B*07:02,B*14:01,C*07:02,C*08:02,DRB1*15:01:01,DRB1*07:01:01
932,A*01:01,A*01:01,B*51:01,B*08:01,C*02:02,C*07:01:01,DRB1*04:02,DRB1*03:01:01
933,A*01:01,A*02:01,B*57:01,B*40:01,C*03:04,C*06:02,DRB1*07:01:01,DRB1*08:01
934,A*01:01,A*31:01:02,B*07:02,B*40:01,C*03:04,C*07:02,DRB1*15:01:01,DRB1*04:04
935,A*01:01,A*02:01,B*07:02,B*08:01,C*07:02,C*07:01:01,DRB1*15:01:01,DRB1*03:01:01
936,A*01:01,A*11:01,B*35:01,B*40:01,C*03:04,C*04:01,DRB1*01:01,DRB1*13:02
937,A*24:02,A*68:01:02,B*07:02,B*44:02,C*07:04,C*07:02,DRB1*15:01:01,DRB1*09:01:02
938,A*01:01,A*03:01,B*07:02,B*08:01,C*07:02,C*07:01:01,DRB1*15:01:01,DRB1*11:01
939,A*03:01,A*68:01:02,B*07:02,B*08:01,C*07:02,C*07:01:01,DRB1*15:01:01,DRB1*03:01:01
940,A*02:01,A*29:02,B*08:01,B*08:01,C*07:01:01,C*07:01:01,DRB1*03:01:01,DRB1*03:01:01
941,A*01:01,A*02:01,B*08:01,B*08:01,C*07:01:01,C*07:01:01,DRB1*03:01:01,DRB1*01:01
942,A*01:01,A*02:05,B*07:02,B*50:01,C*06:02,C*07:02,DRB1*15:01:01,DRB1*07:01:01
943,A*03:01,A*11:01,B*08:01,B*08:01,C*07:01:01,C*07:01:01,DRB1*03:01:01,DRB1*03:01:01
944,A*01:01,A*02:01,B*07:02,B*44:02,C*05:01,C*07:02,DRB1*15:01:01,DRB1*04:04
945,A*01:01,A*32:01,B*14:01,B*18:01,C*07:01:01,C*08:02,DRB1*07:01:01,DRB1*11:04
946,A*03:01,A*03:01,B*15:01,B*18:01,C*03:03,C*07:01:01,DRB1*11:01,DRB1*03:01:01
947,A*01:01,A*03:01,B*07:02,B*57:01,C*07:02,C*06:02,DRB1*07:01:01,DRB1*07:01:01
948,A*25:01,A*30:02,B*51:01,B*44:02,C*02:02,C*05:01,DRB1*04:01:01,DRB1*04:03:01
949,A*02:01,A*03:01,B*07:02,B*35:01,C*07:02,C*15:05,DRB1*15:01:01,DRB1*14:01
950,A*01:01,A*25:01,B*08:01,B*37:01,C*06:02,C*07:01:01,DRB1*03:01:01,DRB1*10:01
951,A*01:01,A*31:01:02,B*57:01,B*40:01,C*03:04,C*06:02,DRB1*04:04,DRB1*07:01:01
952,A*01:01,A*11:01,B*07:02,B*08:01,C*07:02,C*07:01:01,DRB1*15:01:01,DRB1*15:01:01
953,A*01:01,A*03:01,B*50:01,B*57:01,C*06:02,C*06:02,DRB1*04:06,DRB1*07:01:01
954,A*01:01,A*24:02,B*08:01,B*57:01,C*06:02,C*07:01:01,DRB1*07:01:01,DRB1*03:01:01
955,A*02:01,A*32:01,B*07:02,B*44:02,C*05:01,C*07:02,DRB1*12:01,DRB1*14:01
956,A*01:01,A*02:01,B*44:02,B*57:01,C*05:01,C*06:02,DRB1*04:01:01,DRB1*07:01:01
957,A*02:01,A*32:01,B*07:02,B*44:02,C*07:02,C*05:01,DRB1*13:01,DRB1*01:03
958,A*01:01,A*02:01,B*08:01,B*44:02,C*05:01,C*07:01:01,DRB1*04:01:01,DRB1*03:01:01
959,A*02:01,A*24:09N,B*07:02,B*40:01,C*03:04,C*07:02,DRB1*15:01:01,DRB1*14:01
960,A*01:01,A*02:17,B*51:01,B*51:01,C*15:02:01,C*16:01,DRB1*07:01:01,DRB1*09:01:02
961,A*01:01,A*23:01,B*08:01,B*49:01,C*07:01:01,C*07:01:01,DRB1*15:01:01,DRB1*03:01:01
962,A*02:01,A*29:02,B*45:01,B*15:01,C*03:04,C*06:02,DRB1*04:01:01,DRB1*04:01:01
963,A*23:01,A*11:01,B*08:01,B*44:03,C*04:01,C*07:01:01,DRB1*07:01:01,DRB1*03:01:01
964,A*02:01,A*03:01,B*07:02,B*07:02,C*07:02,C*07:02,DRB1*15:01:01,DRB1*15:01:01
965,A*24:02,A*32:01,B*15:01,B*55:01,C*03:03,C*03:04,DRB1*13:02,DRB1*14:01
966,A*02:01,A*03:01,B*44:02,B*35:01,C*04:01,C*05:01,DRB1*04:01:01,DRB1*01:01
967,A*02:01,A*02:01,B*44:02,B*39:06,C*07:02,C*05:01,DRB1*15:01:01,DRB1*04:01:01
968,A*02:05,A*03:01,B*07:02,B*50:01,C*06:02,C*07:02,DRB1*15:01:01,DRB1*07:01:01
969,A*01:01,A*02:01,B*44:03,B*39:01,C*16:01,C*02:02,DRB1*07:01:01,DRB1*01:01
970,A*01:01,A*02:01,B*08:01,B*15:01,C*03:04,C*07:01:01,DRB1*07:01:01,DRB1*07:01:01
971,A*02:01,A*03:01,B*44:02,B*44:03,C*05:01,C*16:01,DRB1*15:01:01,DRB1*07:01:01
972,A*01:01,A*01:01,B*44:02,B*44:02,C*07:04,C*06:02,DRB1*11:01,DRB1*07:01:01
973,A*02:01,A*03:01,B*07:02,B*44:02,C*05:01,C*07:02,DRB1*04:01:01,DRB1*15:01:01
974,A*02:01,A*03:01,B*07:02,B*15:01,C*04:01,C*07:02,DRB1*15:01:01,DRB1*01:01
975,A*03:01,A*32:01,B*39:06,B*57:01,C*06:02,C*07:02,DRB1*07:01:01,DRB1*01:01
976,A*03:01,A*26:01,B*27:05,B*35:01,C*01:02,C*04:01,DRB1*07:01:01,DRB1*03:01:01
977,A*02:01,A*68:01:02,B*07:02,B*27:05,C*07:02,C*07:04,DRB1*01:03,DRB1*08:01
978,A*01:01,A*01:01,B*08:01,B*44:03,C*07:01:01,C*16:01,DRB1*07:01:01,DRB1*03:01:01
979,A*03:01,A*29:02,B*07:02,B*44:03,C*07:02,C*16:01,DRB1*15:01:01,DRB1*07:01:01
980,A*01:01,A*03:01,B*07:02,B*57:01,C*06:02,C*07:02,DRB1*04:01:01,DRB1*11:01
981,A*02:01,A*24:02,B*39:06,B*15:18,C*07:04,C*07:02,DRB1*04:01:01,DRB1*08:01
982,A*03:01,A*11:01,B*55:01,B*35:01,C*03:03,C*04:01,DRB1*04:07,DRB1*04:07
983,A*01:01,A*32:01,B*08:01,B*15:01,C*03:03,C*07:01:01,DRB1*15:01:01,DRB1*04:01:01
984,A*01:01,A*29:02,B*07:02,B*44:03,C*07:02,C*16:01,DRB1*07:01:01,DRB1*01:01
985,A*11:01,A*32:01,B*08:01,B*40:01,C*03:04,C*07:01:01,DRB1*04:01:01,DRB1*03:01:01
986,A*01:01,A*01:01,B*08:01,B*44:03,C*07:01:01,C*16:01,DRB1*07:01:01,DRB1*03:01:01
987,A*68:02,A*32:01,B*14:02,B*27:05,C*01:02,C*08:02,DRB1*15:01:01,DRB1*13:03
988,A*03:01,A*03:01,B*07:02,B*44:03,C*07:02,C*16:01,DRB1*15:01:01,DRB1*07:01:01
989,A*01:01,A*01:01,B*08:01,B*08:01,C*07:01:01,C*07:01:01,DRB1*03:01:01,DRB1*03:01:01
990,A*02:01,A*03:01,B*44:02,B*44:02,C*05:01,C*05:01,DRB1*04:01:01,DRB1*04:01:01
991,A*03:01,A*23:01,B*44:03,B*14:02,C*04:01,C*08:02,DRB1*07:01:01,DRB1*13:02
992,A*03:01,A*29:02,B*07:02,B*44:03,C*07:02,C*16:01,DRB1*15:01:01,DRB1*07:01:01
993,A*01:01,A*29:02,B*08:01,B*44:03,C*07:01:01,C*16:01,DRB1*07:01:01,DRB1*03:01:01
994,A*01:01,A*01:01,B*07:02,B*57:01,C*06:02,C*07:02,DRB1*01:01,DRB1*11:04
995,A*02:01,A*02:01,B*44:02,B*44:02,C*05:01,C*05:01,DRB1*11:04,DRB1*12:01
996,A*01:01,A*02:01,B*08:01,B*44:02,C*05:01,C*07:01:01,DRB1*03:01:01,DRB1*03:01:01
997,A*01:01,A*02:01,B*44:03,B*40:01,C*03:04,C*04:01,DRB1*04:04,DRB1*13:02
998,A*01:01,A*02:01,B*44:02,B*35:01,C*04:01,C*05:01,DRB1*04:01:01,DRB1*01:01
999,A*01:01,A*03:01,B*07:02,B*14:02,C*07:02,C*08:02,DRB1*15:01:01,DRB1*08:01
1000,A*01:01,A*24:02,B*07:02,B*08:01,C*07:02,C*07:01:01,DRB1*01:03,DRB1*03:01:01
684,A*03:01,A*29:02,B*44:02,B*14:02,C*07:04,C*08:02,DRB1*11:01,DRB1*13:02

